phone_model,review
 HTC One A9 ,-nzx8czX8W0?list=PLD228B91CC610B805
 Nexus 5X ,GdpMARfeaZ4?list=PLD228B91CC610B805
 ZTE Axon Elite ,Zkg_OGhtyGw?list=PLD228B91CC610B805
 iPhone 6s and iPhone 6s Plus ,EHT0uRNcLJ8?list=PLD228B91CC610B805
" Alcatel OneTouch Idol 3 4.7"" ",jLBBiJ3e-vE?list=PLD228B91CC610B805
 Moto X Pure Edition ,v_qS8pXcxVk?list=PLD228B91CC610B805
 Samsung Galaxy S6 edge+ ,LggcIQ_H78I?list=PLD228B91CC610B805
 Samsung Galaxy Note 5 ,MEEuSPrJ1Sc?list=PLD228B91CC610B805
 Samsung Galaxy Grand Prime ,z0MllNnsSyM?list=PLD228B91CC610B805
 Moto G 3rd Gen ,g0Nb_k6CUU8?list=PLD228B91CC610B805
 Huawei P8 lite ,ZHL3MEdFUs0?list=PLD228B91CC610B805
 LG G Stylo ,XGJFy5VPksI?list=PLD228B91CC610B805
 Microsoft Lumia 640 XL ,jDdfUfGUM30?list=PLD228B91CC610B805
 Samsung Galaxy S6 Active ,MWpSARgYDsI?list=PLD228B91CC610B805
 Asus ZenFone 2 ,yJr9fPU6GeM?list=PLD228B91CC610B805
 LG G4 ,BEc7eygICBE?list=PLD228B91CC610B805
 LG G4 First Look,LOKigTTexWk?list=PLD228B91CC610B805
 Alcatel OneTouch Idol 3 ,EPuN0WX0xZE?list=PLD228B91CC610B805
 HTC One M9 ,eYENVZFDqWk?list=PLD228B91CC610B805
 Samsung Galaxy S6 edge ,quGuHcnDnHQ?list=PLD228B91CC610B805
 LG G Flex 2 ,nj96tHJmg2w?list=PLD228B91CC610B805
 Moto E (2nd Gen,uEjSMHzYHNg?list=PLD228B91CC610B805
 BlackBerry Passport ,bZvMguM0zOQ?list=PLD228B91CC610B805
 ASUS PadFone X mini ,dW5n0DXFp_U?list=PLD228B91CC610B805
 OnePlus One ,8qnothu9Rzo?list=PLD228B91CC610B805
 verykool SL5000 Quantum Android Phone ,5SOUcRb8EEI?list=PLD228B91CC610B805
 Nokia Lumia 735 ,X6XC670NOgk?list=PLD228B91CC610B805
 Samsung Galaxy Mega 2 ,K5IgPLKxDqU?list=PLD228B91CC610B805
 Nokia Lumia 830 ,Bn9GMBalf7s?list=PLD228B91CC610B805
 Nexus 6 ,llwE1zYWG3g?list=PLD228B91CC610B805
 Sony Xperia Z3 ,Dpr6JP8Brtc?list=PLD228B91CC610B805
 Samsung Galaxy Note Edge ,9v-lPsb4_CA?list=PLD228B91CC610B805
 Sony Xperia Z3v ,m72ktDLOVWs?list=PLD228B91CC610B805
 Motorola Droid Turbo ,wTooqPpM6wQ?list=PLD228B91CC610B805
 Samsung Galaxy Note 4 ,ItchgbjqsM4?list=PLD228B91CC610B805
 Sony Xperia Z3 Compact ,3Gbpzr38Rk4?list=PLD228B91CC610B805
 Moto G 2nd Gen 2014 ,sVuElXTNZQs?list=PLD228B91CC610B805
 Samsung Galaxy Alpha ,kAnd2BW-fPc?list=PLD228B91CC610B805
 Moto X 2nd Gen 2014 ,7UUmySYRNzc?list=PLD228B91CC610B805
 iPhone 6 ,CV26dnJKYe8?list=PLD228B91CC610B805
 iPhone 6 Plus ,AY3V-uF8F9U?list=PLD228B91CC610B805
 iPhone 6 and iPhone 6 Plus First Look ,4KiRQpW1UFQ?list=PLD228B91CC610B805
 HTC One E8 ,z3OT9-Uylh8?list=PLD228B91CC610B805
 verykool s505 Spark ,1J_Yf939xHY?list=PLD228B91CC610B805
 HTC Desire 610 ,tfTZ5aWwAXk?list=PLD228B91CC610B805
 Samsung Galaxy Note Edge First Look,Pp5XmU6hls8?list=PLD228B91CC610B805
 Samsung Galaxy Note 4 First Look,t0RCMu3_xKk?list=PLD228B91CC610B805
 HTC One M8 for Windows ,I5W7NAGcvBg?list=PLD228B91CC610B805
 LG G Vista ,jCEfTauE5eg?list=PLD228B91CC610B805
 Samsung Galaxy S5 Sport ,sMSJD8Zjdo0?list=PLD228B91CC610B805
 HTC One Remix ,DmSXMWVY_58?list=PLD228B91CC610B805
 Amazon Fire Phone ,bao1-lmaEKA?list=PLD228B91CC610B805
 Samsung Galaxy S5 Active ,psG7M5HTAUo?list=PLD228B91CC610B805
 Huawei Ascend Mate2 ,Y1CGyKODELI?list=PLD228B91CC610B805
 LG G3 ,7bLh1x7Auwc?list=PLD228B91CC610B805
 Asus PadFone X ,NzudBmaUtSI?list=PLD228B91CC610B805
 Moto E ,Bw3Q8dIPCs0?list=PLD228B91CC610B805
 LG Lucid 3 ,1ZfeJnJ73S8?list=PLD228B91CC610B805
 HTC One M8 Harman Kardon Edition on Sprint ,bDl3Ex5p3rA?list=PLD228B91CC610B805
 How to Unlock a GSM Phone,8rPip6x0pUQ?list=PLD228B91CC610B805
 Samsung Galaxy S5 In-Depth ,QFnwP422W5Q?list=PLD228B91CC610B805
 Samsung Galaxy S5 Quick Look ,R_3Z3UcYs6k?list=PLD228B91CC610B805
 HTC One M8 vs. iPhone 5s Comparison Smackdown,i1TZcOcsZME?list=PLD228B91CC610B805
 HTC One M8 ,MFmJZND8Qy4?list=PLD228B91CC610B805
 Nokia Lumia Icon ,PKCwL4lfyRM?list=PLD228B91CC610B805
 LG G Flex ,7r8LIOIJsAs?list=PLD228B91CC610B805
 Sony Xperia Z1S ,x__pdn5Rwng?list=PLD228B91CC610B805
 Sony Xperia Z1 Compact First Look at CES 2014,JjLn_gXDZ6M?list=PLD228B91CC610B805
 BlackBerry Z30 ,qfiW0LrCRJI?list=PLD228B91CC610B805
 Samsung Galaxy S4 Zoom ,pllXZO-qLaQ?list=PLD228B91CC610B805
 Moto G ,tJnTjCPrhRE?list=PLD228B91CC610B805
 Nokia Lumia 1520 ,sgo0BzGhJS0?list=PLD228B91CC610B805
 HTC One max ,2dDDWZH9rRE?list=PLD228B91CC610B805
 Samsung Galaxy Gear ,hWJhz4BV4Lo?list=PLD228B91CC610B805
 Google Nexus 5 ,Q0y2gkqnBPE?list=PLD228B91CC610B805
 VeryKool s470 Affordable Unlocked Android Phone ,hj4_NP2PMRQ?list=PLD228B91CC610B805
 Samsung Galaxy Note 3 ,dtqvesI_hv0?list=PLD228B91CC610B805
 iPhone 5c ,_dwBBJxEGkU?list=PLD228B91CC610B805
 iPhone 5s ,#NAME?
 LG G2 ,JVRGBOvXgjk?list=PLD228B91CC610B805
 Moto X Factory Tour,vUzZi4Lbhmw?list=PLD228B91CC610B805
 Motorola Droid Maxx ,3vLjTato-ww?list=PLD228B91CC610B805
 Samsung Galaxy Mega 6.3 ,VpoQj3UJcts?list=PLD228B91CC610B805
 Moto X ,aWAPWQ1LSMI?list=PLD228B91CC610B805
 Nokia Lumia 925 ,NqeGIA46e1o?list=PLD228B91CC610B805
 Motorola Droid Ultra ,ABq1qm1gZpE?list=PLD228B91CC610B805
 HTC 8XT ,pAI0PK80Hks?list=PLD228B91CC610B805
 Nokia Lumia 1020 Sample 1080p Video,oj331Q-QNtA?list=PLD228B91CC610B805
 Nokia Lumia 1020 ,0hEEYxkI9Z4?list=PLD228B91CC610B805
 Samsung Galaxy Exhibit ,2CHgm4_EARU?list=PLD228B91CC610B805
 Sprint Vital ,ZvaUPJfKfzM?list=PLD228B91CC610B805
 HTC One Google Play Edition ,i0UQvYFd0GU?list=PLD228B91CC610B805
 Samsung Galaxy S4 Active ,SUgmvFKp_Qs?list=PLD228B91CC610B805
 BlackBerry Q10 ,bydj_iLEb2o?list=PLD228B91CC610B805
 Nokia Lumia 928 ,xlzPSm1O7yc?list=PLD228B91CC610B805
 Samsung Galaxy S4 Active Sneak Peek,CxkQavIz9wA?list=PLD228B91CC610B805
 BlackBerry Q5 Hands-on Video,jz8XXcSzQss?list=PLD228B91CC610B805
 LG Optimus G Pro (AT&T) ,ontnDQTsc7o?list=PLD228B91CC610B805
 Samsung Galaxy S4 ,rYrWCk50a-Q?list=PLD228B91CC610B805
 LG Lucid 2 ,RTorIXwKWxM?list=PLD228B91CC610B805
 Sprint HTC One ,00z7zSEr2Lw?list=PLD228B91CC610B805
 Sony Xperia ZL ,JZEzk8GDjTU?list=PLD228B91CC610B805
 HTC One ,eWTBgF9MKrQ?list=PLD228B91CC610B805
 Sony Xperia Z ,AElbT5tKQYs?list=PLD228B91CC610B805
 BlackBerry Z10 on Verizon Wireless ,RrLiGEd8mM8?list=PLD228B91CC610B805
 BlackBerry Z10 on AT&T,S4SB9xs8GP4?list=PLD228B91CC610B805
 HTC One SV ,oIa8AmnAJmM?list=PLD228B91CC610B805
 Pantech Discover ,fHtasF9on94?list=PLD228B91CC610B805
 Samsung ATIV Odyssey ,to-czfwofJg?list=PLD228B91CC610B805
 LG Spectrum 2 ,_26EMmiimMA?list=PLD228B91CC610B805
 Nokia Lumia 810 ,mEF_fUWxzow?list=PLD228B91CC610B805
 HTC One X+ AT&T ,4oawMhL6p_M?list=PLD228B91CC610B805
 HTC 8X ,Io1Js7xsAII?list=PLD228B91CC610B805
 Google Nexus 4 ,xTKU6m2uQwc?list=PLD228B91CC610B805
 HTC Droid DNA ,lYJH0EwRw2Y?list=PLD228B91CC610B805
 Nokia Lumia 920 ,kSEmvAjbJZI?list=PLD228B91CC610B805
 Samsung Galaxy Note II ,u139NmWabAM?list=PLD228B91CC610B805
 Samsung Galaxy Victory 4G LTE ,8Z7v2knNwuM?list=PLD228B91CC610B805
 Motorola Droid Razr HD ,0d-pA7ycv3s?list=PLD228B91CC610B805
 LG Optimus G (AT&T & Sprint) ,51FLM6nrsZE?list=PLD228B91CC610B805
 LG Escape ,ZjCntTA3b2k?list=PLD228B91CC610B805
 iPhone 5 ,zLiG5oXrkCw?list=PLD228B91CC610B805
 Motorola Droid Razr M ,eB4x_ZS2D9Y?list=PLD228B91CC610B805
 Pantech Flex ,uA1X27UeDMQ?list=PLD228B91CC610B805
 Motorola Photon Q 4G LTE ,4YR9HaDVG24?list=PLD228B91CC610B805
 T-Mobile myTouch and myTouch Q ,u2glUZ43RG8?list=PLD228B91CC610B805
 T-Mobile Samsung Galaxy Note ,pzF0CwEWMwc?list=PLD228B91CC610B805
 Motorola Atrix HD ,Ncrc16Z47JU?list=PLD228B91CC610B805
 Droid Incredible 4G LTE ,1FXuBtnykb8?list=PLD228B91CC610B805
 Sony Xperia ion ,YPp3bPstufw?list=PLD228B91CC610B805
 Samsung Galaxy S III ,lNGVW-oi95w?list=PLD228B91CC610B805
 Samsung Focus 2 ,MjToGdYkJuE?list=PLD228B91CC610B805
 HTC EVO 4G LTE ,chaTFU-9h84?list=PLD228B91CC610B805
 Droid Incredible 4G LTE Hands-on CTIA 2012,WdSNVmpGql8?list=PLD228B91CC610B805
 LG Optimus Vu Hands-on CTIA 2012,5J07Pn7IC-w?list=PLD228B91CC610B805
 LG Viper 4G LTE ,EokNNEmLpDM?list=PLD228B91CC610B805
 Sprint Samsung Galaxy Nexus ,xCWLaekGkYA?list=PLD228B91CC610B805
 HTC One X ,NnyLRAk6v2E?list=PLD228B91CC610B805
 HTC One S ,7ZDOhdKQF5k?list=PLD228B91CC610B805
 HTC Titan II ,_YHhHhxzmfE?list=PLD228B91CC610B805
 Nokia Lumia 900 ,YJaZ2GZt4Aw?list=PLD228B91CC610B805
 LG Lucid ,9M_LKodu5kk?list=PLD228B91CC610B805
 ZTE Fury ,lqT1GwjLC_4?list=PLD228B91CC610B805
 Android 4.0 ICS Running on HTC Vivid,kTc8Bnm1ROw?list=PLD228B91CC610B805
 AT&T Samsung Galaxy Note ,z0lREO-b-wU?list=PLD228B91CC610B805
 Motorola Droid 4 ,o9x-btjOIGc?list=PLD228B91CC610B805
 Motorola DROID RAZR MAXX ,BCzn8SZMEaw?list=PLD228B91CC610B805
 LG Spectrum ,fKDTGjJR8rI?list=PLD228B91CC610B805
 Pantech Burst ,bJRaOHwAS0c?list=PLD228B91CC610B805
 Nokia Lumia 710 ,WjZH_Pt7H0w?list=PLD228B91CC610B805
 T-Mobile myTouch and myTouch Q ,1ROtPQCQoyw?list=PLD228B91CC610B805
 Samsung Focus Flash ,_nkSD4njXH4?list=PLD228B91CC610B805
 Samsung Galaxy Nexus on Verizon ,_n7ftEo8mvQ?list=PLD228B91CC610B805
 Samsung Galaxy Note ,Es7orfYUc3w?list=PLD228B91CC610B805
 Samsung Galaxy Nexus ,v9NWzk4lm44?list=PLD228B91CC610B805
 HTC Radar 4G ,VxKlA4Vj8ys?list=PLD228B91CC610B805
 LG Nitro HD ,CN99477UOCo?list=PLD228B91CC610B805
 HTC Titan ,fdV7BjKZ0Hs?list=PLD228B91CC610B805
 Samsung Focus S ,_Jc01dvb1vI?list=PLD228B91CC610B805
 Samsung Captivate Glide ,6qlhaRHqCX8?list=PLD228B91CC610B805
 HTC Vivid ,450KUEyQQLQ?list=PLD228B91CC610B805
 HTC Rezound ,cAwf_53FsMg?list=PLD228B91CC610B805
 Samsung Galaxy S II Skyrocket review,5JiwR05t828?list=PLD228B91CC610B805
 Motorola Droid RAZR ,ATkojRcew2A?list=PLD228B91CC610B805
 Nokia Lumia 800 review,6_e-8pMFdpo?list=PLD228B91CC610B805
 Nokia N9 ,jWJTBI3S4tg?list=PLD228B91CC610B805
 LG Marquee ,t0K5reFJfh4?list=PLD228B91CC610B805
 HTC Rhyme ,eb8YzdM_LPA?list=PLD228B91CC610B805
 HTC EVO Design 4G ,VxGfz9CfLTg?list=PLD228B91CC610B805
 Samsung Stratosphere ,mz-80uFHYAU?list=PLD228B91CC610B805
 Motorola Atrix 2 ,LumiOhdkufs?list=PLD228B91CC610B805
 iPhone 4S ,1mtvJ01vjDg?list=PLD228B91CC610B805
 Samsung Galaxy S II on T-Mobile ,6cIeG1EpTB4?list=PLD228B91CC610B805
 HTC Amaze 4G ,riwmkkRVLeU?list=PLD228B91CC610B805
 Pantech Breakout ,Dxu3EjYObMU?list=PLD228B91CC610B805
 Samsung Galaxy S II on AT&T ,33HzYWL_MRc?list=PLD228B91CC610B805
 Sony Ericsson Xperia Play 4G ,lCndDw4zIk4?list=PLD228B91CC610B805
 Samsung Galaxy S II Epic 4G Touch ,MfnsFKNNHkY?list=PLD228B91CC610B805
 Motorola Droid Bionic ,2fyi5pZS1xY?list=PLD228B91CC610B805
 BlackBerry Bold 9900 ,Wwzor4bry9I?list=PLD228B91CC610B805
 Samsung Conquer 4G ,5fXgPDm3Dhs?list=PLD228B91CC610B805
 HTC Wildfire S ,Pl5DbC2dpPc?list=PLD228B91CC610B805
 BlackBerry Torch 9850 ,rqeyN-Wf8pM?list=PLD228B91CC610B805
 BlackBerry Torch 9810 on AT&T ,jP7VkXZW84s?list=PLD228B91CC610B805
 BlackBerry Bold 9930 ,_ItaFInl0mo?list=PLD228B91CC610B805
 Motorola Photon 4G ,jeJTqACKc2o?list=PLD228B91CC610B805
 LG Thrill ,bGwKMGXr8rM?list=PLD228B91CC610B805
 HTC Status ,wcKOjrqTy68?list=PLD228B91CC610B805
 Motorola Droid 3 ,qcp6cia_7QI?list=PLD228B91CC610B805
 T-Mobile myTouch 4G Slide,6t3W-sbgy-Y?list=PLD228B91CC610B805
 Samsung Exhibit 4G ,_uPViGv9MJU?list=PLD228B91CC610B805
 HTC EVO View 4G ,WuNjWnm44CQ?list=PLD228B91CC610B805
 Motorola XPRT ,y6KhMxJvEi4?list=PLD228B91CC610B805
 HTC EVO 3D ,IA2CC5CtAYI?list=PLD228B91CC610B805
 HTC Sensation 4G ,HcXzqoZyZ3k?list=PLD228B91CC610B805
 Sony Ericsson Xperia Play ,vaaF0wXknps?list=PLD228B91CC610B805
 HTC HD7S ,Y_buRDrc9D0?list=PLD228B91CC610B805
 HTC Trophy ,Aixf2zQILrI?list=PLD228B91CC610B805
 LG Revolution ,RK3AN9E9sXM?list=PLD228B91CC610B805
 Motorola Droid X2 ,3YqFm7LmDVg?list=PLD228B91CC610B805
 HP Veer 4G ,g7qZIiZeML0?list=PLD228B91CC610B805
 Samsung Nexus S 4G ,MYIu6KuOlhQ?list=PLD228B91CC610B805
 Samsung Infuse 4G ,IGjT5Glngfg?list=PLD228B91CC610B805
 BlackBerry Bold 9900 Demo Video at BlackBerry World,iCQbBb9-5s4?list=PLD228B91CC610B805
 Droid Incredible 2 by HTC ,T5xzuibb8gM?list=PLD228B91CC610B805
 Droid Charge by Samsung ,2T9WZ6_bHT0?list=PLD228B91CC610B805
 T-Mobile G2x ,gYULrpSFu6g?list=PLD228B91CC610B805
 T-Mobile Sidekick 4G ,aUuYyLdvuqo?list=PLD228B91CC610B805
 Kyocera Echo on Sprint ,UQUS12wKkBM?list=PLD228B91CC610B805
 Nokia E7 ,QcMrxnFWJes?list=PLD228B91CC610B805
 LG Thrill 4G on AT&T Demo,DT8l_XCju3A?list=PLD228B91CC610B805
 T-Mobile G2X by LG Demo,aorO3SsjYRs?list=PLD228B91CC610B805
 HTC Thunderbolt on Verizon ,qQhsDnWu5Vc?list=PLD228B91CC610B805
 HTC Arrive Windows 7 Phone on Sprint ,lRYgTJ8A6qY?list=PLD228B91CC610B805
 Motorola Atrix 4G ,2RLsQGlIlGk?list=PLD228B91CC610B805
 Verizon iPhone 4 ,ZkwxBB-HVFk?list=PLD228B91CC610B805
 Samsung Galaxy S 4G ,vU5AuyjQD6A?list=PLD228B91CC610B805
 HP Pre 3 Demo Video,IzlHR5AVt0g?list=PLD228B91CC610B805
 HP Veer Quick Look,BLzvp2ZuA1Y?list=PLD228B91CC610B805
 HTC Inspire 4G ,PeCYsQ8LROI?list=PLD228B91CC610B805
 Motorola CLIQ 2 ,hMG9JdRuuow?list=PLD228B91CC610B805
 HTC EVO Shift 4G ,PiIRD7vyixs?list=PLD228B91CC610B805
 LG Optimus 2X Hands-On Video,Y_Uus_9mflg?list=PLD228B91CC610B805
 Google Nexus S by Samsung ,zc5E6aHRDj0?list=PLD228B91CC610B805
 Motorola Droid Pro ,6C3C7D_egkQ?list=PLD228B91CC610B805
 LG Quantum ,zx8MD-Kfr9I?list=PLD228B91CC610B805
 Samsung Continuum Galaxy S Phone ,8NFQy1ehWHQ?list=PLD228B91CC610B805
 Nokia E72 Video ,2o-H3H3LSaA?list=PLD228B91CC610B805
 Palm Pre Plus and Palm Pixi Plus on Verizon Video ,I6KUrq_k9EA?list=PLD228B91CC610B805
 Google Nexus One Video  Part Two,hyLfPeaz2cQ?list=PLD228B91CC610B805
 Google Nexus One Video  Part One,j0pj0Ec_lls?list=PLD228B91CC610B805
 HTC HD2 Video ,neQ_iFf4s2Y?list=PLD228B91CC610B805
 Motorola Droid for Verizon Video ,qm81D-7YgKk?list=PLD228B91CC610B805
 Nokia N97 mini Demo,_fMY1TOo2WY?list=PLD228B91CC610B805
 Sony Ericsson Xperia X2 Demo,tOsYmBevi-Y?list=PLD228B91CC610B805
 Nokia N900 Live Demo,Arn02csQAwM?list=PLD228B91CC610B805
 HTC Pure for AT&T Video ,29n1qbyLrZM?list=PLD228B91CC610B805
Blackberry Priv ,K-jYDRd_53w?list=PLBsP89CPrMeNm71T5gYC6jebm9vPbLBiP
Nexus 6P ,Xc5fFvp8le4?list=PLBsP89CPrMeNm71T5gYC6jebm9vPbLBiP
Moto 360 V2 ,2IIUHleexIk?list=PLBsP89CPrMeNm71T5gYC6jebm9vPbLBiP
iPhone 6s ,E357cGzOGLM?list=PLBsP89CPrMeNm71T5gYC6jebm9vPbLBiP
Moto X Pure (2015) ,gM_gTtll7FE?list=PLBsP89CPrMeNm71T5gYC6jebm9vPbLBiP
Samsung Galaxy Note 5 ,V-nBAcr_huw?list=PLBsP89CPrMeNm71T5gYC6jebm9vPbLBiP
OnePlus 2 ,s8Un0XB_8xk?list=PLBsP89CPrMeNm71T5gYC6jebm9vPbLBiP
Jaybird X2 Review: Best Bluetooth Earbuds!,LObJOc5u7sY?list=PLBsP89CPrMeNm71T5gYC6jebm9vPbLBiP
Moto G 2015 ,9HDKRP4nzc0?list=PLBsP89CPrMeNm71T5gYC6jebm9vPbLBiP
Sony RX100 IV Review: Pocket 4K!,cx20nTPZjes?list=PLBsP89CPrMeNm71T5gYC6jebm9vPbLBiP
GoPro Hero 4 Session ,xpc07Lbgrow?list=PLBsP89CPrMeNm71T5gYC6jebm9vPbLBiP
iPod Touch 2015 ,orPHNS-0CZI?list=PLBsP89CPrMeNm71T5gYC6jebm9vPbLBiP
2015 Macbook ,TA8JprZlDYA?list=PLBsP89CPrMeNm71T5gYC6jebm9vPbLBiP
HTC One M9+ (& S6 Plus!),UrzhzCA1NUw?list=PLBsP89CPrMeNm71T5gYC6jebm9vPbLBiP
LG G4 ,VTUDzrIgZlI?list=PLBsP89CPrMeNm71T5gYC6jebm9vPbLBiP
Apple Watch ,dPL1-8ypnEs?list=PLBsP89CPrMeNm71T5gYC6jebm9vPbLBiP
Samsung Galaxy S6 Edge ,Ws9KAQS02Yo?list=PLBsP89CPrMeNm71T5gYC6jebm9vPbLBiP
Chromebook Pixel 2 ,WjUebpBA2AE?list=PLBsP89CPrMeNm71T5gYC6jebm9vPbLBiP
Samsung Galaxy S6 ,Mhvv2-iCKao?list=PLBsP89CPrMeNm71T5gYC6jebm9vPbLBiP
HTC One M9 ,5x6DELO6Sz4?list=PLBsP89CPrMeNm71T5gYC6jebm9vPbLBiP
Logitech MX Master ,JDJDeuJbiKc?list=PLBsP89CPrMeNm71T5gYC6jebm9vPbLBiP
Audio Technica ATH-M70X ,3yoAj-PRsZ0?list=PLBsP89CPrMeNm71T5gYC6jebm9vPbLBiP
Dell Venue 8 7000 ,KG9E5LaI8bk?list=PLBsP89CPrMeNm71T5gYC6jebm9vPbLBiP
Motorola Droid Turbo ,26C_O6hDMjQ?list=PLBsP89CPrMeNm71T5gYC6jebm9vPbLBiP
Google Nexus 9 ,vE-P7zzCCsU?list=PLBsP89CPrMeNm71T5gYC6jebm9vPbLBiP
Google Nexus 6 ,RoAPTdvgAJg?list=PLBsP89CPrMeNm71T5gYC6jebm9vPbLBiP
Apple iPad Air 2 ,DqVPbEcWtA0?list=PLBsP89CPrMeNm71T5gYC6jebm9vPbLBiP
Android 5.0 Lollipop Feature ,pEDQ1z1-PvU?list=PLBsP89CPrMeNm71T5gYC6jebm9vPbLBiP
Apple iPhone 6+ ,Wwp9eaVVW_8?list=PLBsP89CPrMeNm71T5gYC6jebm9vPbLBiP
Apple iPhone 6 ,61TAqY03xwk?list=PLBsP89CPrMeNm71T5gYC6jebm9vPbLBiP
Samsung Galaxy Alpha ,SlTvgY9PeCQ?list=PLBsP89CPrMeNm71T5gYC6jebm9vPbLBiP
Moto X (2014) ,BK3YvlOFRTg?list=PLBsP89CPrMeNm71T5gYC6jebm9vPbLBiP
Moto 360 ,X8DOUSGGw10?list=PLBsP89CPrMeNm71T5gYC6jebm9vPbLBiP
NVIDIA Shield Tablet ,PNp2IjVv3HI?list=PLBsP89CPrMeNm71T5gYC6jebm9vPbLBiP
Sony RX100 MKIII ,9HtGhNUtW-E?list=PLBsP89CPrMeNm71T5gYC6jebm9vPbLBiP
LG G3 ,7QH1qFd24bY?list=PLBsP89CPrMeNm71T5gYC6jebm9vPbLBiP
LG G3 QHD Display ,yAyR_YHEZ_c?list=PLBsP89CPrMeNm71T5gYC6jebm9vPbLBiP
OnePlus One ,FrgGHAab9D8?list=PLBsP89CPrMeNm71T5gYC6jebm9vPbLBiP
HTC One M8 Google Play Edition ,Ew5ZzloH4Mg?list=PLBsP89CPrMeNm71T5gYC6jebm9vPbLBiP
Oppo Find 7a ,QahWCPNALDA?list=PLBsP89CPrMeNm71T5gYC6jebm9vPbLBiP
Samsung Galaxy S5 ,z8gOX35dAfc?list=PLBsP89CPrMeNm71T5gYC6jebm9vPbLBiP
HTC One M8 ,pwsPZi_JRrA?list=PLBsP89CPrMeNm71T5gYC6jebm9vPbLBiP
New Mac Pro ,RwnSX-3ncSA?list=PLBsP89CPrMeNm71T5gYC6jebm9vPbLBiP
Nokia Lumia 1520 ,lVPAfntOfmc?list=PLBsP89CPrMeNm71T5gYC6jebm9vPbLBiP
Motorola Moto G ,KFD0Nm2dOHw?list=PLBsP89CPrMeNm71T5gYC6jebm9vPbLBiP
Oppo N1  (Cyanogenmod Phone),3GrIWdORHvc?list=PLBsP89CPrMeNm71T5gYC6jebm9vPbLBiP
Samsung Galaxy Round ,tTxhneVcmEo?list=PLBsP89CPrMeNm71T5gYC6jebm9vPbLBiP
Apple iPad Air ,Hr8E-_yU2YA?list=PLBsP89CPrMeNm71T5gYC6jebm9vPbLBiP
Google Nexus 5 ,1dg2UIzIt4s?list=PLBsP89CPrMeNm71T5gYC6jebm9vPbLBiP
Samsung Galaxy Gear ,P4Hbn6xcD9M?list=PLBsP89CPrMeNm71T5gYC6jebm9vPbLBiP
Sony Xperia Z1 ,hUgOgMCKXqs?list=PLBsP89CPrMeNm71T5gYC6jebm9vPbLBiP
Apple iPhone 5s ,uBEaG6n0XDs?list=PLBsP89CPrMeNm71T5gYC6jebm9vPbLBiP
Samsung Galaxy Note 3 ,9NSBB-kFDGQ?list=PLBsP89CPrMeNm71T5gYC6jebm9vPbLBiP
LG G2 ,WBeFfWUdseI?list=PLBsP89CPrMeNm71T5gYC6jebm9vPbLBiP
Sony RX100 M2 ,fsOxwsFF50c?list=PLBsP89CPrMeNm71T5gYC6jebm9vPbLBiP
Nokia Lumia 1020 ,Fi1JUykQBKw?list=PLBsP89CPrMeNm71T5gYC6jebm9vPbLBiP
Motorola Moto X ,CJTlB_S7ct0?list=PLBsP89CPrMeNm71T5gYC6jebm9vPbLBiP
Nexus 7 (2013) ,wEpMtf6nJco?list=PLBsP89CPrMeNm71T5gYC6jebm9vPbLBiP
Google Chromecast ,TK4u6wm-HIk?list=PLBsP89CPrMeNm71T5gYC6jebm9vPbLBiP
Google Edition HTC One ,fNt-QXLp6YI?list=PLBsP89CPrMeNm71T5gYC6jebm9vPbLBiP
Nokia Lumia 925 ,CntfUc_Sd1c?list=PLBsP89CPrMeNm71T5gYC6jebm9vPbLBiP
"13"" Macbook Air 2013 ",epLszn-rnpA?list=PLBsP89CPrMeNm71T5gYC6jebm9vPbLBiP
Samsung Galaxy Mega ,zb5Wp_i8oQo?list=PLBsP89CPrMeNm71T5gYC6jebm9vPbLBiP
LG Optimus G Pro ,aYtAdCDOCfU?list=PLBsP89CPrMeNm71T5gYC6jebm9vPbLBiP
HTC One ,KF75-HPdUfY?list=PLBsP89CPrMeNm71T5gYC6jebm9vPbLBiP
Samsung Galaxy S4 ,wXmzpFoHkfA?list=PLBsP89CPrMeNm71T5gYC6jebm9vPbLBiP
Beyerdynamic Custom One Pro ,LDBWrSENTps?list=PLBsP89CPrMeNm71T5gYC6jebm9vPbLBiP
Sony Xperia Z ,GlhXpHULwys?list=PLBsP89CPrMeNm71T5gYC6jebm9vPbLBiP
Chromebook Pixel ,6d0lEMp8Vtk?list=PLBsP89CPrMeNm71T5gYC6jebm9vPbLBiP
Oppo Find 5 ,XkqiFOvF8v0?list=PLBsP89CPrMeNm71T5gYC6jebm9vPbLBiP
Samsung Galaxy Camera ,8gca3uud87c?list=PLBsP89CPrMeNm71T5gYC6jebm9vPbLBiP
Google Nexus 10 ,IysmRC4aAFc?list=PLBsP89CPrMeNm71T5gYC6jebm9vPbLBiP
Google Nexus 4 ,zFOnOLXrMBQ?list=PLBsP89CPrMeNm71T5gYC6jebm9vPbLBiP
LG Optimus G  (Nexus 4 Comparison),yRaIjn6q9Jo?list=PLBsP89CPrMeNm71T5gYC6jebm9vPbLBiP
Samsung Galaxy Note 2 ,VdsMwGWvhO4?list=PLBsP89CPrMeNm71T5gYC6jebm9vPbLBiP
Asus Zenbook Prime ,Teyx-jx2Ano?list=PLBsP89CPrMeNm71T5gYC6jebm9vPbLBiP
Google Nexus 7 ,YddnWW_JYiY?list=PLBsP89CPrMeNm71T5gYC6jebm9vPbLBiP
Asus Transformer Pad Infinity ,ddI-ZZwFclc?list=PLBsP89CPrMeNm71T5gYC6jebm9vPbLBiP
iKey Audio M-505V2 Studio Monitors!,gSimDdChHbE?list=PLBsP89CPrMeNm71T5gYC6jebm9vPbLBiP
Sony NEX-VG20 ,hE3XMbsneMk?list=PLBsP89CPrMeNm71T5gYC6jebm9vPbLBiP
HTC One X ,yLZrBuNBQWc?list=PLBsP89CPrMeNm71T5gYC6jebm9vPbLBiP
Samsung Galaxy Nexus ,fFRl2oOqDsk?list=PLBsP89CPrMeNm71T5gYC6jebm9vPbLBiP
TokyoFlash Night Vision Watch!,fDCumhEKerw?list=PLBsP89CPrMeNm71T5gYC6jebm9vPbLBiP
Blue Spark Microphone ,v8WRJSBi6E4?list=PLBsP89CPrMeNm71T5gYC6jebm9vPbLBiP
iPad 3 vs Transformer Prime!,R3n_J7v82AM?list=PLBsP89CPrMeNm71T5gYC6jebm9vPbLBiP
Asus Zenbook UX31 ,1Ij-_XD8tXQ?list=PLBsP89CPrMeNm71T5gYC6jebm9vPbLBiP
Asus Transformer Prime Dock!,fQqdHfUVOiI?list=PLBsP89CPrMeNm71T5gYC6jebm9vPbLBiP
Beats Pro vs Audio Technica ATH-M50!,et_PWifUd1w?list=PLBsP89CPrMeNm71T5gYC6jebm9vPbLBiP
Chrome Beta for Android!,ngEoQzIqHMc?list=PLBsP89CPrMeNm71T5gYC6jebm9vPbLBiP
Cyborg RAT 7 ,wkmL7KyNn3o?list=PLBsP89CPrMeNm71T5gYC6jebm9vPbLBiP
Asus Transformer Prime ,WBdJ6X1hp-U?list=PLBsP89CPrMeNm71T5gYC6jebm9vPbLBiP
Bose Companion 2 Series II Speaker ,kPoPZ4L8O5A?list=PLBsP89CPrMeNm71T5gYC6jebm9vPbLBiP
Galaxy Nexus Camera Review,jm3wDComxLQ?list=PLBsP89CPrMeNm71T5gYC6jebm9vPbLBiP
New Chrome Web Store Review,CAlNejjtSLc?list=PLBsP89CPrMeNm71T5gYC6jebm9vPbLBiP
Canon 24mm f/1.4 L Review,LpC6UwZR_Hw?list=PLBsP89CPrMeNm71T5gYC6jebm9vPbLBiP
The Blue Snowball [Review],lF7GLUHu8BE?list=PLBsP89CPrMeNm71T5gYC6jebm9vPbLBiP
The DROID [Retro Review],8W3bJGflOic?list=PLBsP89CPrMeNm71T5gYC6jebm9vPbLBiP
Audio Technica ATH-M50 [Review],Krdb8lceRoI?list=PLBsP89CPrMeNm71T5gYC6jebm9vPbLBiP