Blackberry Priv ,K-jYDRd_53w?list=PLBsP89CPrMeNm71T5gYC6jebm9vPbLBiP
Nexus 6P ,Xc5fFvp8le4?list=PLBsP89CPrMeNm71T5gYC6jebm9vPbLBiP
Moto 360 V2 ,2IIUHleexIk?list=PLBsP89CPrMeNm71T5gYC6jebm9vPbLBiP
iPhone 6s ,E357cGzOGLM?list=PLBsP89CPrMeNm71T5gYC6jebm9vPbLBiP
Moto X Pure (2015) ,gM_gTtll7FE?list=PLBsP89CPrMeNm71T5gYC6jebm9vPbLBiP
Samsung Galaxy Note 5 ,V-nBAcr_huw?list=PLBsP89CPrMeNm71T5gYC6jebm9vPbLBiP
OnePlus 2 ,s8Un0XB_8xk?list=PLBsP89CPrMeNm71T5gYC6jebm9vPbLBiP
Jaybird X2 Review: Best Bluetooth Earbuds!,LObJOc5u7sY?list=PLBsP89CPrMeNm71T5gYC6jebm9vPbLBiP
Moto G 2015 ,9HDKRP4nzc0?list=PLBsP89CPrMeNm71T5gYC6jebm9vPbLBiP
Sony RX100 IV Review: Pocket 4K!,cx20nTPZjes?list=PLBsP89CPrMeNm71T5gYC6jebm9vPbLBiP
GoPro Hero 4 Session ,xpc07Lbgrow?list=PLBsP89CPrMeNm71T5gYC6jebm9vPbLBiP
iPod Touch 2015 ,orPHNS-0CZI?list=PLBsP89CPrMeNm71T5gYC6jebm9vPbLBiP
2015 Macbook ,TA8JprZlDYA?list=PLBsP89CPrMeNm71T5gYC6jebm9vPbLBiP
HTC One M9+ (& S6 Plus!),UrzhzCA1NUw?list=PLBsP89CPrMeNm71T5gYC6jebm9vPbLBiP
LG G4 ,VTUDzrIgZlI?list=PLBsP89CPrMeNm71T5gYC6jebm9vPbLBiP
Apple Watch ,dPL1-8ypnEs?list=PLBsP89CPrMeNm71T5gYC6jebm9vPbLBiP
Samsung Galaxy S6 Edge ,Ws9KAQS02Yo?list=PLBsP89CPrMeNm71T5gYC6jebm9vPbLBiP
Chromebook Pixel 2 ,WjUebpBA2AE?list=PLBsP89CPrMeNm71T5gYC6jebm9vPbLBiP
Samsung Galaxy S6 ,Mhvv2-iCKao?list=PLBsP89CPrMeNm71T5gYC6jebm9vPbLBiP
HTC One M9 ,5x6DELO6Sz4?list=PLBsP89CPrMeNm71T5gYC6jebm9vPbLBiP
Logitech MX Master ,JDJDeuJbiKc?list=PLBsP89CPrMeNm71T5gYC6jebm9vPbLBiP
Audio Technica ATH-M70X ,3yoAj-PRsZ0?list=PLBsP89CPrMeNm71T5gYC6jebm9vPbLBiP
Dell Venue 8 7000 ,KG9E5LaI8bk?list=PLBsP89CPrMeNm71T5gYC6jebm9vPbLBiP
Motorola Droid Turbo ,26C_O6hDMjQ?list=PLBsP89CPrMeNm71T5gYC6jebm9vPbLBiP
Google Nexus 9 ,vE-P7zzCCsU?list=PLBsP89CPrMeNm71T5gYC6jebm9vPbLBiP
Google Nexus 6 ,RoAPTdvgAJg?list=PLBsP89CPrMeNm71T5gYC6jebm9vPbLBiP
Apple iPad Air 2 ,DqVPbEcWtA0?list=PLBsP89CPrMeNm71T5gYC6jebm9vPbLBiP
Android 5.0 Lollipop Feature ,pEDQ1z1-PvU?list=PLBsP89CPrMeNm71T5gYC6jebm9vPbLBiP
Apple iPhone 6+ ,Wwp9eaVVW_8?list=PLBsP89CPrMeNm71T5gYC6jebm9vPbLBiP
Apple iPhone 6 ,61TAqY03xwk?list=PLBsP89CPrMeNm71T5gYC6jebm9vPbLBiP
Samsung Galaxy Alpha ,SlTvgY9PeCQ?list=PLBsP89CPrMeNm71T5gYC6jebm9vPbLBiP
Moto X (2014) ,BK3YvlOFRTg?list=PLBsP89CPrMeNm71T5gYC6jebm9vPbLBiP
Moto 360 ,X8DOUSGGw10?list=PLBsP89CPrMeNm71T5gYC6jebm9vPbLBiP
NVIDIA Shield Tablet ,PNp2IjVv3HI?list=PLBsP89CPrMeNm71T5gYC6jebm9vPbLBiP
Sony RX100 MKIII ,9HtGhNUtW-E?list=PLBsP89CPrMeNm71T5gYC6jebm9vPbLBiP
LG G3 ,7QH1qFd24bY?list=PLBsP89CPrMeNm71T5gYC6jebm9vPbLBiP
LG G3 QHD Display ,yAyR_YHEZ_c?list=PLBsP89CPrMeNm71T5gYC6jebm9vPbLBiP
OnePlus One ,FrgGHAab9D8?list=PLBsP89CPrMeNm71T5gYC6jebm9vPbLBiP
HTC One M8 Google Play Edition ,Ew5ZzloH4Mg?list=PLBsP89CPrMeNm71T5gYC6jebm9vPbLBiP
Oppo Find 7a ,QahWCPNALDA?list=PLBsP89CPrMeNm71T5gYC6jebm9vPbLBiP
Samsung Galaxy S5 ,z8gOX35dAfc?list=PLBsP89CPrMeNm71T5gYC6jebm9vPbLBiP
HTC One M8 ,pwsPZi_JRrA?list=PLBsP89CPrMeNm71T5gYC6jebm9vPbLBiP
New Mac Pro ,RwnSX-3ncSA?list=PLBsP89CPrMeNm71T5gYC6jebm9vPbLBiP
Nokia Lumia 1520 ,lVPAfntOfmc?list=PLBsP89CPrMeNm71T5gYC6jebm9vPbLBiP
Motorola Moto G ,KFD0Nm2dOHw?list=PLBsP89CPrMeNm71T5gYC6jebm9vPbLBiP
Oppo N1  (Cyanogenmod Phone),3GrIWdORHvc?list=PLBsP89CPrMeNm71T5gYC6jebm9vPbLBiP
Samsung Galaxy Round ,tTxhneVcmEo?list=PLBsP89CPrMeNm71T5gYC6jebm9vPbLBiP
Apple iPad Air ,Hr8E-_yU2YA?list=PLBsP89CPrMeNm71T5gYC6jebm9vPbLBiP
Google Nexus 5 ,1dg2UIzIt4s?list=PLBsP89CPrMeNm71T5gYC6jebm9vPbLBiP
Samsung Galaxy Gear ,P4Hbn6xcD9M?list=PLBsP89CPrMeNm71T5gYC6jebm9vPbLBiP
Sony Xperia Z1 ,hUgOgMCKXqs?list=PLBsP89CPrMeNm71T5gYC6jebm9vPbLBiP
Apple iPhone 5s ,uBEaG6n0XDs?list=PLBsP89CPrMeNm71T5gYC6jebm9vPbLBiP
Samsung Galaxy Note 3 ,9NSBB-kFDGQ?list=PLBsP89CPrMeNm71T5gYC6jebm9vPbLBiP
LG G2 ,WBeFfWUdseI?list=PLBsP89CPrMeNm71T5gYC6jebm9vPbLBiP
Sony RX100 M2 ,fsOxwsFF50c?list=PLBsP89CPrMeNm71T5gYC6jebm9vPbLBiP
Nokia Lumia 1020 ,Fi1JUykQBKw?list=PLBsP89CPrMeNm71T5gYC6jebm9vPbLBiP
Motorola Moto X ,CJTlB_S7ct0?list=PLBsP89CPrMeNm71T5gYC6jebm9vPbLBiP
Nexus 7 (2013) ,wEpMtf6nJco?list=PLBsP89CPrMeNm71T5gYC6jebm9vPbLBiP
Google Chromecast ,TK4u6wm-HIk?list=PLBsP89CPrMeNm71T5gYC6jebm9vPbLBiP
Google Edition HTC One ,fNt-QXLp6YI?list=PLBsP89CPrMeNm71T5gYC6jebm9vPbLBiP
Nokia Lumia 925 ,CntfUc_Sd1c?list=PLBsP89CPrMeNm71T5gYC6jebm9vPbLBiP
"13"" Macbook Air 2013 ",epLszn-rnpA?list=PLBsP89CPrMeNm71T5gYC6jebm9vPbLBiP
Samsung Galaxy Mega ,zb5Wp_i8oQo?list=PLBsP89CPrMeNm71T5gYC6jebm9vPbLBiP
LG Optimus G Pro ,aYtAdCDOCfU?list=PLBsP89CPrMeNm71T5gYC6jebm9vPbLBiP
HTC One ,KF75-HPdUfY?list=PLBsP89CPrMeNm71T5gYC6jebm9vPbLBiP
Samsung Galaxy S4 ,wXmzpFoHkfA?list=PLBsP89CPrMeNm71T5gYC6jebm9vPbLBiP
Beyerdynamic Custom One Pro ,LDBWrSENTps?list=PLBsP89CPrMeNm71T5gYC6jebm9vPbLBiP
Sony Xperia Z ,GlhXpHULwys?list=PLBsP89CPrMeNm71T5gYC6jebm9vPbLBiP
Chromebook Pixel ,6d0lEMp8Vtk?list=PLBsP89CPrMeNm71T5gYC6jebm9vPbLBiP
Oppo Find 5 ,XkqiFOvF8v0?list=PLBsP89CPrMeNm71T5gYC6jebm9vPbLBiP
Samsung Galaxy Camera ,8gca3uud87c?list=PLBsP89CPrMeNm71T5gYC6jebm9vPbLBiP
Google Nexus 10 ,IysmRC4aAFc?list=PLBsP89CPrMeNm71T5gYC6jebm9vPbLBiP
Google Nexus 4 ,zFOnOLXrMBQ?list=PLBsP89CPrMeNm71T5gYC6jebm9vPbLBiP
LG Optimus G  (Nexus 4 Comparison),yRaIjn6q9Jo?list=PLBsP89CPrMeNm71T5gYC6jebm9vPbLBiP
Samsung Galaxy Note 2 ,VdsMwGWvhO4?list=PLBsP89CPrMeNm71T5gYC6jebm9vPbLBiP
Asus Zenbook Prime ,Teyx-jx2Ano?list=PLBsP89CPrMeNm71T5gYC6jebm9vPbLBiP
Google Nexus 7 ,YddnWW_JYiY?list=PLBsP89CPrMeNm71T5gYC6jebm9vPbLBiP
Asus Transformer Pad Infinity ,ddI-ZZwFclc?list=PLBsP89CPrMeNm71T5gYC6jebm9vPbLBiP
iKey Audio M-505V2 Studio Monitors!,gSimDdChHbE?list=PLBsP89CPrMeNm71T5gYC6jebm9vPbLBiP
Sony NEX-VG20 ,hE3XMbsneMk?list=PLBsP89CPrMeNm71T5gYC6jebm9vPbLBiP
HTC One X ,yLZrBuNBQWc?list=PLBsP89CPrMeNm71T5gYC6jebm9vPbLBiP
Samsung Galaxy Nexus ,fFRl2oOqDsk?list=PLBsP89CPrMeNm71T5gYC6jebm9vPbLBiP
TokyoFlash Night Vision Watch!,fDCumhEKerw?list=PLBsP89CPrMeNm71T5gYC6jebm9vPbLBiP
Blue Spark Microphone ,v8WRJSBi6E4?list=PLBsP89CPrMeNm71T5gYC6jebm9vPbLBiP
iPad 3 vs Transformer Prime!,R3n_J7v82AM?list=PLBsP89CPrMeNm71T5gYC6jebm9vPbLBiP
Asus Zenbook UX31 ,1Ij-_XD8tXQ?list=PLBsP89CPrMeNm71T5gYC6jebm9vPbLBiP
Asus Transformer Prime Dock!,fQqdHfUVOiI?list=PLBsP89CPrMeNm71T5gYC6jebm9vPbLBiP
Beats Pro vs Audio Technica ATH-M50!,et_PWifUd1w?list=PLBsP89CPrMeNm71T5gYC6jebm9vPbLBiP
Chrome Beta for Android!,ngEoQzIqHMc?list=PLBsP89CPrMeNm71T5gYC6jebm9vPbLBiP
Cyborg RAT 7 ,wkmL7KyNn3o?list=PLBsP89CPrMeNm71T5gYC6jebm9vPbLBiP
Asus Transformer Prime ,WBdJ6X1hp-U?list=PLBsP89CPrMeNm71T5gYC6jebm9vPbLBiP
Bose Companion 2 Series II Speaker ,kPoPZ4L8O5A?list=PLBsP89CPrMeNm71T5gYC6jebm9vPbLBiP
Galaxy Nexus Camera Review,jm3wDComxLQ?list=PLBsP89CPrMeNm71T5gYC6jebm9vPbLBiP
New Chrome Web Store Review,CAlNejjtSLc?list=PLBsP89CPrMeNm71T5gYC6jebm9vPbLBiP
Canon 24mm f/1.4 L Review,LpC6UwZR_Hw?list=PLBsP89CPrMeNm71T5gYC6jebm9vPbLBiP
The Blue Snowball [Review],lF7GLUHu8BE?list=PLBsP89CPrMeNm71T5gYC6jebm9vPbLBiP
The DROID [Retro Review],8W3bJGflOic?list=PLBsP89CPrMeNm71T5gYC6jebm9vPbLBiP
Audio Technica ATH-M50 [Review],Krdb8lceRoI?list=PLBsP89CPrMeNm71T5gYC6jebm9vPbLBiP