phone_model,tipstrickslink,,phone_model,review
 Samsung Conquer 4G,http://www.phonetipsandtricks.com/tips/samsung-conquer-4g/,, Samsung Conquer 4G ,5fXgPDm3Dhs?list=PLD228B91CC610B805
 Samsung Stratosphere,http://www.phonetipsandtricks.com/tips/samsung-stratosphere/,, Samsung Stratosphere ,mz-80uFHYAU?list=PLD228B91CC610B805
 Samsung Focus S,http://www.phonetipsandtricks.com/tips/samsung-focus-s/,, Samsung Focus S ,_Jc01dvb1vI?list=PLD228B91CC610B805
 Samsung Galaxy Note,http://www.phonetipsandtricks.com/tips/samsung-galaxy-note/,, Samsung Galaxy Note ,Es7orfYUc3w?list=PLD228B91CC610B805
 Samsung Galaxy Nexus,http://www.phonetipsandtricks.com/tips/samsung-galaxy-nexus/,, Samsung Galaxy Nexus ,v9NWzk4lm44?list=PLD228B91CC610B805
 Samsung Infuse 4G,http://www.phonetipsandtricks.com/tips/samsung-infuse-4g/,, Samsung Infuse 4G ,IGjT5Glngfg?list=PLD228B91CC610B805
 LG Spectrum,http://www.phonetipsandtricks.com/tips/lg-spectrum/,, LG Spectrum ,fKDTGjJR8rI?list=PLD228B91CC610B805
 LG G4,http://www.phonetipsandtricks.com/tips/lg-g4/,, LG G4 ,BEc7eygICBE?list=PLD228B91CC610B805
 LG G Flex 2,http://www.phonetipsandtricks.com/tips/lg-g-flex-2/,, LG G Flex 2 ,nj96tHJmg2w?list=PLD228B91CC610B805
 LG G3,http://www.phonetipsandtricks.com/tips/lg-g3/,, LG G3 ,7bLh1x7Auwc?list=PLD228B91CC610B805
 LG Lucid 3,http://www.phonetipsandtricks.com/tips/lg-lucid-3/,, LG Lucid 3 ,1ZfeJnJ73S8?list=PLD228B91CC610B805
 Motorola Atrix 4G,http://www.phonetipsandtricks.com/tips/motorola-atrix-4g/,, Motorola Atrix 4G ,2RLsQGlIlGk?list=PLD228B91CC610B805
 Motorola Droid Bionic,http://www.phonetipsandtricks.com/tips/motorola-droid-bionic/,, Motorola Droid Bionic ,2fyi5pZS1xY?list=PLD228B91CC610B805
 Google Nexus 4,http://www.phonetipsandtricks.com/tips/google-nexus-4/,, Google Nexus 4 ,xTKU6m2uQwc?list=PLD228B91CC610B805
 Google Nexus 5,http://www.phonetipsandtricks.com/tips/google-nexus-5-2/,,Google Nexus 5 ,1dg2UIzIt4s?list=PLBsP89CPrMeNm71T5gYC6jebm9vPbLBiP
 Samsung Galaxy S6,http://www.phonetipsandtricks.com/tips/samsung-galaxy-s6/,,Samsung Galaxy S6 ,Mhvv2-iCKao?list=PLBsP89CPrMeNm71T5gYC6jebm9vPbLBiP
 Samsung Galaxy S6 Edge,http://www.phonetipsandtricks.com/tips/samsung-galaxy-s6-edge/,, Samsung Galaxy S6 edge ,quGuHcnDnHQ?list=PLD228B91CC610B805
 HTC Trophy,http://www.phonetipsandtricks.com/tips/htc-trophy/,, HTC Trophy ,Aixf2zQILrI?list=PLD228B91CC610B805
 Apple iPhone 5S,http://www.phonetipsandtricks.com/tips/apple-iphone-5s/,,Apple iPhone 5s ,uBEaG6n0XDs?list=PLBsP89CPrMeNm71T5gYC6jebm9vPbLBiP
 Nokia Lumia 1520,http://www.phonetipsandtricks.com/tips/nokia-lumia-1520/,, Nokia Lumia 1520 ,sgo0BzGhJS0?list=PLD228B91CC610B805
 Nokia Lumia 735,http://www.phonetipsandtricks.com/tips/nokia-lumia-735/,, Nokia Lumia 735 ,X6XC670NOgk?list=PLD228B91CC610B805
 Nokia Lumia 830,http://www.phonetipsandtricks.com/tips/nokia-lumia-830/,, Nokia Lumia 830 ,Bn9GMBalf7s?list=PLD228B91CC610B805
 Sony Xperia ZL,http://www.phonetipsandtricks.com/tips/sony-xperia-zl/,, Sony Xperia ZL ,JZEzk8GDjTU?list=PLD228B91CC610B805
 Sony Xperia Z,http://www.phonetipsandtricks.com/tips/sony-xperia-z/,, Sony Xperia Z ,AElbT5tKQYs?list=PLD228B91CC610B805
 HTC Wildfire S,http://www.phonetipsandtricks.com/tips/htc-wildfire-s/,, HTC Wildfire S ,Pl5DbC2dpPc?list=PLD228B91CC610B805
 HTC Rhyme,http://www.phonetipsandtricks.com/tips/htc-rhyme/,, HTC Rhyme ,eb8YzdM_LPA?list=PLD228B91CC610B805
 HTC Titan,http://www.phonetipsandtricks.com/tips/htc-titan/,, HTC Titan ,fdV7BjKZ0Hs?list=PLD228B91CC610B805
 HTC Evo 3D,http://www.phonetipsandtricks.com/tips/htc-evo-3d/,, HTC EVO 3D ,IA2CC5CtAYI?list=PLD228B91CC610B805
 Sony Xperia Z3,http://www.phonetipsandtricks.com/tips/sony-xperia-z3/,, Sony Xperia Z3 ,Dpr6JP8Brtc?list=PLD228B91CC610B805
 Sony Xperia Z1S,http://www.phonetipsandtricks.com/tips/sony-xperia-z1s/,, Sony Xperia Z1S ,x__pdn5Rwng?list=PLD228B91CC610B805
 Nokia Lumia 928,http://www.phonetipsandtricks.com/tips/nokia-lumia-928/,, Nokia Lumia 928 ,xlzPSm1O7yc?list=PLD228B91CC610B805
 Nokia Lumia 1020,http://www.phonetipsandtricks.com/tips/nokia-lumia-1020/,,Nokia Lumia 1020 ,Fi1JUykQBKw?list=PLBsP89CPrMeNm71T5gYC6jebm9vPbLBiP
 Nokia Lumia 925,http://www.phonetipsandtricks.com/tips/nokia-lumia-925/,,Nokia Lumia 925 ,CntfUc_Sd1c?list=PLBsP89CPrMeNm71T5gYC6jebm9vPbLBiP
 Nokia Lumia 810,http://www.phonetipsandtricks.com/tips/nokia-lumia-810/,, Nokia Lumia 810 ,mEF_fUWxzow?list=PLD228B91CC610B805
 Nokia Lumia 920,http://www.phonetipsandtricks.com/tips/nokia-lumia-920/,, Nokia Lumia 920 ,kSEmvAjbJZI?list=PLD228B91CC610B805
 Samsung Galaxy Note 4,http://www.phonetipsandtricks.com/tips/samsung-galaxy-note-4/,, Samsung Galaxy Note 4 ,ItchgbjqsM4?list=PLD228B91CC610B805
 Samsung Galaxy Alpha,http://www.phonetipsandtricks.com/tips/samsung-galaxy-alpha/,, Samsung Galaxy Alpha ,kAnd2BW-fPc?list=PLD228B91CC610B805
 Samsung Galaxy Note 3,http://www.phonetipsandtricks.com/tips/samsung-galaxy-note-3/,, Samsung Galaxy Note 3 ,dtqvesI_hv0?list=PLD228B91CC610B805
 Samsung Galaxy S5 Active,http://www.phonetipsandtricks.com/tips/samsung-galaxy-s5-active/,, Samsung Galaxy S5 Active ,psG7M5HTAUo?list=PLD228B91CC610B805
 Samsung Galaxy Note Edge,http://www.phonetipsandtricks.com/tips/samsung-galaxy-note-edge/,, Samsung Galaxy Note Edge ,9v-lPsb4_CA?list=PLD228B91CC610B805
 Sony Xperia Z3 Compact,http://www.phonetipsandtricks.com/tips/sony-xperia-z3-compact/,, Sony Xperia Z3 Compact ,3Gbpzr38Rk4?list=PLD228B91CC610B805
 Sony Xperia Z3v,http://www.phonetipsandtricks.com/tips/sony-xperia-z3v/,, Sony Xperia Z3v ,m72ktDLOVWs?list=PLD228B91CC610B805
 HTC One X,http://www.phonetipsandtricks.com/tips/htc-one-x/,,HTC One X ,yLZrBuNBQWc?list=PLBsP89CPrMeNm71T5gYC6jebm9vPbLBiP
 HTC Rezound,http://www.phonetipsandtricks.com/tips/htc-rezound/,, HTC Rezound ,cAwf_53FsMg?list=PLD228B91CC610B805
 HTC One S,http://www.phonetipsandtricks.com/tips/htc-one-s/,, HTC One S ,7ZDOhdKQF5k?list=PLD228B91CC610B805
 Nokia Lumia 900,http://www.phonetipsandtricks.com/tips/nokia-lumia-900/,, Nokia Lumia 900 ,YJaZ2GZt4Aw?list=PLD228B91CC610B805
 Nokia Lumia 710,http://www.phonetipsandtricks.com/tips/nokia-lumia-710/,, Nokia Lumia 710 ,WjZH_Pt7H0w?list=PLD228B91CC610B805
 Nokia E7,http://www.phonetipsandtricks.com/tips/nokia-e7/,, Nokia E7 ,QcMrxnFWJes?list=PLD228B91CC610B805
 Samsung Galaxy S5,http://www.phonetipsandtricks.com/tips/samsung-galaxy-s5/,,Samsung Galaxy S5 ,z8gOX35dAfc?list=PLBsP89CPrMeNm71T5gYC6jebm9vPbLBiP
 Samsung Galaxy S4 Zoom,http://www.phonetipsandtricks.com/tips/samsung-galaxy-s4-zoom/,, Samsung Galaxy S4 Zoom ,pllXZO-qLaQ?list=PLD228B91CC610B805
 Samsung Galaxy S4,http://www.phonetipsandtricks.com/tips/samsung-galaxy-s4/,, Samsung Galaxy S4 ,rYrWCk50a-Q?list=PLD228B91CC610B805
 Samsung Galaxy Mega,http://www.phonetipsandtricks.com/tips/samsung-galaxy-mega/,,Samsung Galaxy Mega ,zb5Wp_i8oQo?list=PLBsP89CPrMeNm71T5gYC6jebm9vPbLBiP
 HTC One M8,http://www.phonetipsandtricks.com/tips/htc-one-m8/,, HTC One M8 ,MFmJZND8Qy4?list=PLD228B91CC610B805
 HTC One,http://www.phonetipsandtricks.com/tips/htc-one/,,HTC One ,KF75-HPdUfY?list=PLBsP89CPrMeNm71T5gYC6jebm9vPbLBiP
 HTC One SV,http://www.phonetipsandtricks.com/tips/htc-one-sv/,, HTC One SV ,oIa8AmnAJmM?list=PLD228B91CC610B805
 HTC One Max,http://www.phonetipsandtricks.com/tips/htc-one-max/,, HTC One max ,2dDDWZH9rRE?list=PLD228B91CC610B805
 HTC Desire 610,http://www.phonetipsandtricks.com/tips/htc-desire-610/,, HTC Desire 610 ,tfTZ5aWwAXk?list=PLD228B91CC610B805
 Motorola Droid Ultra,http://www.phonetipsandtricks.com/tips/motorola-droid-ultra/,, Motorola Droid Ultra ,ABq1qm1gZpE?list=PLD228B91CC610B805
 Motorola Moto G,http://www.phonetipsandtricks.com/tips/motorola-moto-g/,,Motorola Moto G ,KFD0Nm2dOHw?list=PLBsP89CPrMeNm71T5gYC6jebm9vPbLBiP
 Motorola Droid Turbo,http://www.phonetipsandtricks.com/tips/motorola-droid-turbo/,,Motorola Droid Turbo ,26C_O6hDMjQ?list=PLBsP89CPrMeNm71T5gYC6jebm9vPbLBiP
 Samsung Galaxy Note 2,http://www.phonetipsandtricks.com/tips/samsung-galaxy-note-2/,,Samsung Galaxy Note 2 ,VdsMwGWvhO4?list=PLBsP89CPrMeNm71T5gYC6jebm9vPbLBiP
 Sony Xperia Z1,http://www.phonetipsandtricks.com/tips/sony-xperia-z1/,,Sony Xperia Z1 ,hUgOgMCKXqs?list=PLBsP89CPrMeNm71T5gYC6jebm9vPbLBiP
 HTC One M9,http://www.phonetipsandtricks.com/tips/htc-one-m9/,, HTC One M9 ,eYENVZFDqWk?list=PLD228B91CC610B805
 HTC One E8,http://www.phonetipsandtricks.com/tips/htc-one-e8/,, HTC One E8 ,z3OT9-Uylh8?list=PLD228B91CC610B805
 Motorola Droid RAZR MAXX,http://www.phonetipsandtricks.com/tips/motorola-droid-razr-maxx/,, Motorola DROID RAZR MAXX ,BCzn8SZMEaw?list=PLD228B91CC610B805
 Motorola Droid RAZR,http://www.phonetipsandtricks.com/tips/motorola-droid-razr/,, Motorola Droid RAZR ,ATkojRcew2A?list=PLD228B91CC610B805
 Motorola Droid Razr M,http://www.phonetipsandtricks.com/tips/motorola-droid-razr-m/,, Motorola Droid Razr M ,eB4x_ZS2D9Y?list=PLD228B91CC610B805
 Motorola Moto X,http://www.phonetipsandtricks.com/tips/motorola-moto-x/,,Motorola Moto X ,CJTlB_S7ct0?list=PLBsP89CPrMeNm71T5gYC6jebm9vPbLBiP
 Motorola Droid X,http://www.phonetipsandtricks.com/tips/motorola-droid-x/,, Motorola Droid X2 ,3YqFm7LmDVg?list=PLD228B91CC610B805
 Microsoft Lumia 640,http://www.phonetipsandtricks.com/tips/microsoft-lumia-640/,, Microsoft Lumia 640 XL ,jDdfUfGUM30?list=PLD228B91CC610B805
 Sony Xperia Z2,http://www.phonetipsandtricks.com/tips/sony-xperia-z2/,,Sony Xperia Z ,GlhXpHULwys?list=PLBsP89CPrMeNm71T5gYC6jebm9vPbLBiP
 Samsung Galaxy Grand,http://www.phonetipsandtricks.com/tips/samsung-galaxy-grand/,, Samsung Galaxy Grand Prime ,z0MllNnsSyM?list=PLD228B91CC610B805
 Blackberry Bold 9900 / 9930,http://www.phonetipsandtricks.com/tips/blackberry-bold-9900-9930/,, BlackBerry Bold 9900 ,Wwzor4bry9I?list=PLD228B91CC610B805
 Asus ZenFone 2Link,http://www.phonetipsandtricks.com/tips/asus-zenfone-2/, Anchor Text, Asus ZenFone 2 ,yJr9fPU6GeM?list=PLD228B91CC610B805
 Google Nexus 6Link,http://www.phonetipsandtricks.com/tips/google-nexus-6/, Anchor Text,Google Nexus 6 ,RoAPTdvgAJg?list=PLBsP89CPrMeNm71T5gYC6jebm9vPbLBiP
 Samsung Focus Flash / Omnia W,http://www.phonetipsandtricks.com/tips/samsung-focus-flash-omnia-w/,, Samsung Focus Flash ,_nkSD4njXH4?list=PLD228B91CC610B805
 Nokia Lumia 800,http://www.phonetipsandtricks.com/tips/nokia-lumia-800/,, Nokia Lumia 800 review,6_e-8pMFdpo?list=PLD228B91CC610B805
 HTC HD7,http://www.phonetipsandtricks.com/tips/htc-hd7/,, HTC HD7S ,Y_buRDrc9D0?list=PLD228B91CC610B805
 HTC Evo 4G,http://www.phonetipsandtricks.com/tips/htc-evo-4g/,, HTC EVO 4G LTE ,chaTFU-9h84?list=PLD228B91CC610B805
 HTC One M8 EYE,http://www.phonetipsandtricks.com/tips/htc-one-m8-eye/,,HTC One M8 ,pwsPZi_JRrA?list=PLBsP89CPrMeNm71T5gYC6jebm9vPbLBiP
 Motorola Photon 4G / Electrify,http://www.phonetipsandtricks.com/tips/motorola-photon-4g-electrify/,, Motorola Photon 4G ,jeJTqACKc2o?list=PLD228B91CC610B805
 Google Nexus 7 (tablet),http://www.phonetipsandtricks.com/tips/google-nexus-7-tablet/,,Google Nexus 7 ,YddnWW_JYiY?list=PLBsP89CPrMeNm71T5gYC6jebm9vPbLBiP
 HTC Amaze 4G / Ruby,http://www.phonetipsandtricks.com/tips/htc-amaze-4g-ruby/,, HTC Amaze 4G ,riwmkkRVLeU?list=PLD228B91CC610B805
 HTC One X Plus,http://www.phonetipsandtricks.com/tips/htc-one-x-plus/,, HTC One X ,NnyLRAk6v2E?list=PLD228B91CC610B805
 Motorola Droid 3 / Milestone 3,http://www.phonetipsandtricks.com/tips/motorola-droid-3/,, Motorola Droid 3 ,qcp6cia_7QI?list=PLD228B91CC610B805
 Sony Xperia Z1 Compact,http://www.phonetipsandtricks.com/tips/sony-xperia-z1-compact/,, Sony Xperia Z1 Compact First Look at CES 2014,JjLn_gXDZ6M?list=PLD228B91CC610B805
 Nokia N900,http://www.phonetipsandtricks.com/tips/nokia-n900/,, Nokia N900 Live Demo,Arn02csQAwM?list=PLD228B91CC610B805
 LG Optimus 2X,http://www.phonetipsandtricks.com/tips/lg-optimus-2x/,, LG Optimus 2X Hands-On Video,Y_Uus_9mflg?list=PLD228B91CC610B805
 HTC HD2,http://www.phonetipsandtricks.com/tips/htc-hd2/,, HTC HD2 Video ,neQ_iFf4s2Y?list=PLD228B91CC610B805
 Nokia N97,http://www.phonetipsandtricks.com/tips/nokia-n97/,, Nokia N97 mini Demo,_fMY1TOo2WY?list=PLD228B91CC610B805
 Samsung Galaxy S3,http://www.phonetipsandtricks.com/tips/samsung-galaxy-s3/,,Samsung Galaxy S4 ,wXmzpFoHkfA?list=PLBsP89CPrMeNm71T5gYC6jebm9vPbLBiP
 Nokia Lumia 1320,http://www.phonetipsandtricks.com/tips/nokia-lumia-1320/,,Nokia Lumia 1520 ,lVPAfntOfmc?list=PLBsP89CPrMeNm71T5gYC6jebm9vPbLBiP
 Samsung Galaxy A3,http://www.phonetipsandtricks.com/tips/samsung-galaxy-a3/,,Samsung Galaxy Alpha ,SlTvgY9PeCQ?list=PLBsP89CPrMeNm71T5gYC6jebm9vPbLBiP
 Samsung Galaxy A5,http://www.phonetipsandtricks.com/tips/samsung-galaxy-a5/,, Samsung Galaxy S5 Sport ,sMSJD8Zjdo0?list=PLD228B91CC610B805
 Asus Zenfone 5,http://www.phonetipsandtricks.com/tips/asus-zenfone-5/,,,
 Blackberry Storm / Storm 2 (9500 series),http://www.phonetipsandtricks.com/tips/blackberry-storm-storm-2-9500-series/,,,
 Blackberry Torch (9800 / 9850 / 9860),http://www.phonetipsandtricks.com/tips/blackberry-torch-9800/,,,
 Blackberry Pearl 3G (9100 series),http://www.phonetipsandtricks.com/tips/blackberry-pearl-3g-9100/,,,
 Blackberry Curve (8520),http://www.phonetipsandtricks.com/tips/blackberry-curve-8520/,,,
 Blackberry Bold (9780),http://www.phonetipsandtricks.com/tips/blackberry-bold-9780/,,,
 Blackberry Curve 9350 / 9360 / 9370,http://www.phonetipsandtricks.com/tips/blackberry-curve-9350-9360-9370/,,,
 Blackberry Curve 9320Link,http://www.phonetipsandtricks.com/tips/blackberry-curve-9320/, Anchor Text,,
 HTC Google G1 / Dream,http://www.phonetipsandtricks.com/tips/htc-google-g1-dream/,,,
 HTC Legend,http://www.phonetipsandtricks.com/tips/htc-legend/,,,
 HTC Droid Incredible,http://www.phonetipsandtricks.com/tips/htc-droid-incredible/,,,
 HTC Desire,http://www.phonetipsandtricks.com/tips/htc-desire/,,,
 HTC Desire Z,http://www.phonetipsandtricks.com/tips/htc-desire-z/,,,
 HTC Wildfire,http://www.phonetipsandtricks.com/tips/htc-wildfire/,,,
 HTC Desire HD / Inspire 4G,http://www.phonetipsandtricks.com/tips/htc-desire-hd/,,,
 HTC Desire S,http://www.phonetipsandtricks.com/tips/htc-desire-s/,,,
 HTC Incredible S,http://www.phonetipsandtricks.com/tips/htc-incredible-s/,,,
 HTC 7 Pro / Arrive,http://www.phonetipsandtricks.com/tips/htc-7-pro-arrive/,,,
 HTC Thunderbolt,http://www.phonetipsandtricks.com/tips/htc-thunderbolt/,,,
 HTC ChaCha,http://www.phonetipsandtricks.com/tips/htc-chacha/,,,
 HTC Sensation,http://www.phonetipsandtricks.com/tips/htc-sensation/,,,
 HTC 7 Mozart,http://www.phonetipsandtricks.com/tips/htc-7-mozart/,,,
 HTC Flyer / Evo View (tablet),http://www.phonetipsandtricks.com/tips/htc-flyer-evo-view-tablet/,,,
 HTC Radar,http://www.phonetipsandtricks.com/tips/htc-radar/,,,
 HTC Sensation XL,http://www.phonetipsandtricks.com/tips/htc-sensation-xl/,,,
 HTC Merge,http://www.phonetipsandtricks.com/tips/htc-merge/,,,
 HTC Explorer,http://www.phonetipsandtricks.com/tips/htc-explorer/,,,
 HTC One V,http://www.phonetipsandtricks.com/tips/htc-one-v/,,,
 HTC Desire C,http://www.phonetipsandtricks.com/tips/htc-desire-c/,,,
 HTC J Butterfly / Droid DNA,http://www.phonetipsandtricks.com/tips/htc-j-butterfly-droid-dna/,,,
 HTC Windows Phone 8S,http://www.phonetipsandtricks.com/tips/htc-windows-phone-8s/,,,
 HTC Windows Phone 8X,http://www.phonetipsandtricks.com/tips/htc-windows-phone-8x/,,,
 HTC One Mini,http://www.phonetipsandtricks.com/tips/htc-one-mini/,,,
 HTC Desire 500,http://www.phonetipsandtricks.com/tips/htc-desire-500/,,,
 HTC Desire 310,http://www.phonetipsandtricks.com/tips/htc-desire-310/,,,
 HTC Desire 816,http://www.phonetipsandtricks.com/tips/htc-desire-816/,,,
 HTC Desire 516,http://www.phonetipsandtricks.com/tips/htc-desire-516/,,,
 HTC One Mini 2,http://www.phonetipsandtricks.com/tips/htc-one-mini-2/,,,
 HTC Desire Eye,http://www.phonetipsandtricks.com/tips/htc-desire-eye/,,,
 HTC Desire 510,http://www.phonetipsandtricks.com/tips/htc-desire-510/,,,
 HTC Desire 826,http://www.phonetipsandtricks.com/tips/htc-desire-826/,,,
 HTC One E9,http://www.phonetipsandtricks.com/tips/htc-one-e9/,,,
 HTC One E9 Plus,http://www.phonetipsandtricks.com/tips/htc-one-e9-plus/,,,
 HTC One MELink,http://www.phonetipsandtricks.com/tips/htc-one-me/, Anchor Text,,
 LG Optimus Black,http://www.phonetipsandtricks.com/tips/lg-optimus-black/,,,
 LG Thrill 4G / Optimus 3D,http://www.phonetipsandtricks.com/tips/lg-thrill-4g-optimus-3d/,,,
 LG Optimus 7,http://www.phonetipsandtricks.com/tips/lg-optimus-7/,,,
 LG Prada 3.0,http://www.phonetipsandtricks.com/tips/lg-prada-3-0/,,,
 LG Optimus L9,http://www.phonetipsandtricks.com/tips/lg-optimus-l9/,,,
 LG Optimus L7 II,http://www.phonetipsandtricks.com/tips/lg-optimus-l7-ii/,,,
 LG Optimus G2,http://www.phonetipsandtricks.com/tips/lg-optimus-g2/,,,
 LG G Pad 8.3 V500 (tablet),http://www.phonetipsandtricks.com/tips/lg-g-pad-8-3-v500-tablet/,,,
 LG Optimus L3 II,http://www.phonetipsandtricks.com/tips/lg-optimus-l3-ii/,,,
 Microsoft Lumia 540,http://www.phonetipsandtricks.com/tips/microsoft-lumia-540/,,,
 Microsoft Lumia 535,http://www.phonetipsandtricks.com/tips/microsoft-lumia-535/,,,
 Microsoft Lumia 435,http://www.phonetipsandtricks.com/tips/microsoft-lumia-435/,,,
 Microsoft Lumia 430,http://www.phonetipsandtricks.com/tips/microsoft-lumia-430/,,,
 Motorola Droid / Milestone (UK),http://www.phonetipsandtricks.com/tips/motorola-droid-milestone-uk/,,,
 Motorola Droid 2,http://www.phonetipsandtricks.com/tips/motorola-droid-2/,,,
 Motorola Defy,http://www.phonetipsandtricks.com/tips/motorola-defy/,,,
 Motorola Backflip,http://www.phonetipsandtricks.com/tips/motorola-backflip/,,,
 Motorola Xoom / Xoom 2 (tablet),http://www.phonetipsandtricks.com/tips/motorola-xoom-xoom-2-tablet/,,,
 Motorola Triumph,http://www.phonetipsandtricks.com/tips/motorola-triumph/,,,
 Motorola MotoLuxe,http://www.phonetipsandtricks.com/tips/motorola-motoluxe/,,,
 Motorola Defy Mini,http://www.phonetipsandtricks.com/tips/motorola-defy-mini/,,,
 Motorola RAZR HD,http://www.phonetipsandtricks.com/tips/motorola-razr-hd/,,,
 Motorola RAZR MAXX,http://www.phonetipsandtricks.com/tips/motorola-razr-maxx/,,,
 Motorola Droid Mini,http://www.phonetipsandtricks.com/tips/motorola-droid-mini/,,,
 Motorola Moto E,http://www.phonetipsandtricks.com/tips/motorola-moto-e/,,,
 Motorola Moto X / X2 / 2014,http://www.phonetipsandtricks.com/tips/motorola-moto-x-x2-2014/,,,
 Motorola Moto G / G2 / 2014,http://www.phonetipsandtricks.com/tips/motorola-moto-g-g2-2014/,,,
 Motorola Moto X Pure Edition,http://www.phonetipsandtricks.com/tips/motorola-moto-x-pure-edition/,,,
 Motorola Moto X Style,http://www.phonetipsandtricks.com/tips/motorola-moto-x-style/,,,
 Nokia C7,http://www.phonetipsandtricks.com/tips/nokia-c7/,,,
 Nokia N8,http://www.phonetipsandtricks.com/tips/nokia-n8/,,,
 Nokia X7,http://www.phonetipsandtricks.com/tips/nokia-x7/,,,
 Nokia E6,http://www.phonetipsandtricks.com/tips/nokia-e6/,,,
 Nokia Lumia 620,http://www.phonetipsandtricks.com/tips/nokia-lumia-620/,,,
 Nokia Lumia 520,http://www.phonetipsandtricks.com/tips/nokia-lumia-520/,,,
 Nokia Lumia 720,http://www.phonetipsandtricks.com/tips/nokia-lumia-720/,,,
 Nokia Lumia 820,http://www.phonetipsandtricks.com/tips/nokia-lumia-820/,,,
 Nokia Lumia 822,http://www.phonetipsandtricks.com/tips/nokia-lumia-822/,,,
 Nokia Lumia 521,http://www.phonetipsandtricks.com/tips/nokia-lumia-521/,,,
 Nokia Lumia 625 LTE,http://www.phonetipsandtricks.com/tips/nokia-lumia-625-lte/,,,
 Nokia Lumia 525,http://www.phonetipsandtricks.com/tips/nokia-lumia-525/,,,
 Nokia Lumia 929 Icon,http://www.phonetipsandtricks.com/tips/nokia-lumia-929-icon/,,,
 Nokia Lumia 930,http://www.phonetipsandtricks.com/tips/nokia-lumia-930/,,,
 Nokia Lumia 635,http://www.phonetipsandtricks.com/tips/nokia-lumia-635/,,,
 Nokia Lumia 530Link,http://www.phonetipsandtricks.com/tips/nokia-lumia-530/, Anchor Text,,
 Samsung Omnia II (i8000),http://www.phonetipsandtricks.com/tips/samsung-omnia-ii-i8000/,,,
 Samsung Galaxy S / i9000 / Captivate,http://www.phonetipsandtricks.com/tips/samsung-galaxy-s-i9000/,,,
 Samsung Epic 4G,http://www.phonetipsandtricks.com/tips/samsung-epic-4g-2/,,,
 Samsung Omnia (i900 / i910),http://www.phonetipsandtricks.com/tips/samsung-omnia/,,,
 Samsung Wave II,http://www.phonetipsandtricks.com/tips/samsung-wave-ii/,,,
 Samsung Focus,http://www.phonetipsandtricks.com/tips/samsung-focus/,,,
 Samsung Galaxy S2 / Epic 4G Touch,http://www.phonetipsandtricks.com/tips/samsung-galaxy-s2/,,,
 Samsung Galaxy Tab 8.9 (tablet),http://www.phonetipsandtricks.com/tips/samsung-galaxy-tab-8-9-tablet/,,,
 Samsung Galaxy Ace,http://www.phonetipsandtricks.com/tips/samsung-galaxy-ace/,,,
 Samsung Google Nexus S,http://www.phonetipsandtricks.com/tips/samsung-nexus-s/,,,
 Samsung Omnia 7,http://www.phonetipsandtricks.com/tips/samsung-omnia-7/,,,
 Samsung Galaxy Tab 10.1 (tablet),http://www.phonetipsandtricks.com/tips/samsung-galaxy-tab-10-1-tablet/,,,
 Samsung Galaxy Mini S5570,http://www.phonetipsandtricks.com/tips/samsung-galaxy-mini-s5570/,,,
 Samsung Galaxy Ace Plus S7500,http://www.phonetipsandtricks.com/tips/samsung-galaxy-ace-plus-s7500/,,,
 Samsung Galaxy Y S5360,http://www.phonetipsandtricks.com/tips/samsung-galaxy-y-s5360/,,,
 Samsung Galaxy Ace 2,http://www.phonetipsandtricks.com/tips/samsung-galaxy-ace-2/,,,
 Samsung Ativ S,http://www.phonetipsandtricks.com/tips/samsung-ativ-s/,,,
 Samsung Galaxy Tab 2 (tablet),http://www.phonetipsandtricks.com/tips/samsung-galaxy-tab-2-tablet/,,,
 Samsung Galaxy S3 Mini,http://www.phonetipsandtricks.com/tips/samsung-galaxy-s3-mini/,,,
 Samsung Galaxy Xcover 2,http://www.phonetipsandtricks.com/tips/samsung-galaxy-xcover-2/,,,
 Samsung Galaxy Fame,http://www.phonetipsandtricks.com/tips/samsung-galaxy-fame/,,,
 Samsung Galaxy S Duos 2,http://www.phonetipsandtricks.com/tips/samsung-galaxy-s-duos-2/,,,
 Samsung Tab Pro 8.4 (tablet),http://www.phonetipsandtricks.com/tips/samsung-tab-pro-8-4-tablet/,,,
 Samsung Tab Pro 10.1 (tablet),http://www.phonetipsandtricks.com/tips/samsung-tab-pro-10-1-tablet/,,,
 Samsung Note Pro 12.2 (tablet),http://www.phonetipsandtricks.com/tips/samsung-note-pro-12-2-tablet/,,,
 Samsung Galaxy K Zoom,http://www.phonetipsandtricks.com/tips/samsung-galaxy-k-zoom/,,,
 Samsung Galaxy Grand Neo,http://www.phonetipsandtricks.com/tips/samsung-galaxy-grand-neo/,,,
 Samsung Galaxy Grand 2,http://www.phonetipsandtricks.com/tips/samsung-galaxy-grand-2/,,,
 Samsung Galaxy S5 Mini,http://www.phonetipsandtricks.com/tips/samsung-galaxy-s5-mini/,,,
 Samsung Galaxy Y 2,http://www.phonetipsandtricks.com/tips/samsung-galaxy-y-2/,,,
 Samsung Galaxy Star 2,http://www.phonetipsandtricks.com/tips/samsung-galaxy-star-2/,,,
 Samsung Galaxy A7,http://www.phonetipsandtricks.com/tips/samsung-galaxy-a7/,,,
 Sony Xperia X10 Mini,http://www.phonetipsandtricks.com/tips/sony-experia-x10-mini/,,,
 Sony Xperia X10,http://www.phonetipsandtricks.com/tips/sony-experia-x10/,,,
 Sony Xperia Play,http://www.phonetipsandtricks.com/tips/sony-xperia-play/,,,
 Sony W8 Walkman,http://www.phonetipsandtricks.com/tips/sony-w8-walkman/,,,
 Sony Xperia Arc / Arc S,http://www.phonetipsandtricks.com/tips/sony-xperia-arc/,,,
 Sony Xperia S,http://www.phonetipsandtricks.com/tips/sony-xperia-s/,,,
 Sony Xperia Go,http://www.phonetipsandtricks.com/tips/sony-xperia-go/,,,
 Sony Xperia Miro,http://www.phonetipsandtricks.com/tips/sony-xperia-miro/,,,
 Sony Xperia T,http://www.phonetipsandtricks.com/tips/sony-xperia-t/,,,
 Sony Xperia Tipo,http://www.phonetipsandtricks.com/tips/sony-xperia-tipo/,,,
 Sony Xperia U,http://www.phonetipsandtricks.com/tips/sony-xperia-u/,,,
 Sony Xperia V,http://www.phonetipsandtricks.com/tips/sony-xperia-v/,,,
 Sony Xperia SP,http://www.phonetipsandtricks.com/tips/sony-xperia-sp/,,,
 Sony Xperia Tablet S,http://www.phonetipsandtricks.com/tips/sony-xperia-tablet-s/,,,
 Sony Xperia Tablet Z,http://www.phonetipsandtricks.com/tips/sony-xperia-tablet-z/,,,
 Sony Xperia J,http://www.phonetipsandtricks.com/tips/sony-xperia-j/,,,
 Sony Xperia ZR,http://www.phonetipsandtricks.com/tips/sony-xperia-zr/,,,
 Sony Xperia Z Ultra,http://www.phonetipsandtricks.com/tips/sony-xperia-z-ultra/,,,
 Sony Xperia M,http://www.phonetipsandtricks.com/tips/sony-xperia-m/,,,
 Sony Xperia E,http://www.phonetipsandtricks.com/tips/sony-xperia-e/,,,
 Sony Xperia L,http://www.phonetipsandtricks.com/tips/sony-xperia-l/,,,
 Sony Xperia C,http://www.phonetipsandtricks.com/tips/sony-xperia-c/,,,
 Sony Xperia C3,http://www.phonetipsandtricks.com/tips/sony-xperia-c3/,,,
 Sony Xperia T3,http://www.phonetipsandtricks.com/tips/sony-xperia-t3/,,,
 Sony Xperia Z4 (tablet),http://www.phonetipsandtricks.com/tips/sony-xperia-z4-tablet/,,,
 Sony Xperia Z3 Plus,http://www.phonetipsandtricks.com/tips/sony-xperia-z3-plus/,,,
 Sony Xperia C4Link,http://www.phonetipsandtricks.com/tips/sony-xperia-c4/, Anchor Text,,
 Apple iPhone 4,http://www.phonetipsandtricks.com/tips/apple-iphone-4/,,,
 Apple iPhone 3GS,http://www.phonetipsandtricks.com/tips/apple-iphone-3gs/,,,
 Apple iPhone 4S,http://www.phonetipsandtricks.com/tips/apple-iphone-4s/,,,
 Apple iPad [tablet],http://www.phonetipsandtricks.com/tips/apple-ipad-tablet/,,,
 Apple iPad 2 [tablet],http://www.phonetipsandtricks.com/tips/apple-ipad-2-tablet/,,,
 Apple iPad 3 [tablet],http://www.phonetipsandtricks.com/tips/apple-ipad-3-tablet/,,,
 Apple iPhone 5,http://www.phonetipsandtricks.com/tips/apple-iphone-5/,,,
 Apple iPad Mini [tablet],http://www.phonetipsandtricks.com/tips/apple-ipad-mini-tablet/,,,
 Apple iPhone 5C,http://www.phonetipsandtricks.com/tips/apple-iphone-5c/,,,
,,, HTC One A9 ,#NAME?
,,, Nexus 5X ,GdpMARfeaZ4?list=PLD228B91CC610B805
,,, ZTE Axon Elite ,Zkg_OGhtyGw?list=PLD228B91CC610B805
,,, iPhone 6s and iPhone 6s Plus ,EHT0uRNcLJ8?list=PLD228B91CC610B805
,,," Alcatel OneTouch Idol 3 4.7"" ",jLBBiJ3e-vE?list=PLD228B91CC610B805
,,, Moto X Pure Edition ,v_qS8pXcxVk?list=PLD228B91CC610B805
,,, Samsung Galaxy S6 edge+ ,LggcIQ_H78I?list=PLD228B91CC610B805
,,, Samsung Galaxy Note 5 ,MEEuSPrJ1Sc?list=PLD228B91CC610B805
,,, Moto G 3rd Gen ,g0Nb_k6CUU8?list=PLD228B91CC610B805
,,, Huawei P8 lite ,ZHL3MEdFUs0?list=PLD228B91CC610B805
,,, LG G Stylo ,XGJFy5VPksI?list=PLD228B91CC610B805
,,, Samsung Galaxy S6 Active ,MWpSARgYDsI?list=PLD228B91CC610B805
,,, LG G4 First Look,LOKigTTexWk?list=PLD228B91CC610B805
,,, Alcatel OneTouch Idol 3 ,EPuN0WX0xZE?list=PLD228B91CC610B805
,,, Moto E (2nd Gen,uEjSMHzYHNg?list=PLD228B91CC610B805
,,, BlackBerry Passport ,bZvMguM0zOQ?list=PLD228B91CC610B805
,,, ASUS PadFone X mini ,dW5n0DXFp_U?list=PLD228B91CC610B805
,,, OnePlus One ,8qnothu9Rzo?list=PLD228B91CC610B805
,,, verykool SL5000 Quantum Android Phone ,5SOUcRb8EEI?list=PLD228B91CC610B805
,,, Samsung Galaxy Mega 2 ,K5IgPLKxDqU?list=PLD228B91CC610B805
,,, Nexus 6 ,llwE1zYWG3g?list=PLD228B91CC610B805
,,, Motorola Droid Turbo ,wTooqPpM6wQ?list=PLD228B91CC610B805
,,, Moto G 2nd Gen 2014 ,sVuElXTNZQs?list=PLD228B91CC610B805
,,, Moto X 2nd Gen 2014 ,7UUmySYRNzc?list=PLD228B91CC610B805
,,, iPhone 6 ,CV26dnJKYe8?list=PLD228B91CC610B805
,,, iPhone 6 Plus ,AY3V-uF8F9U?list=PLD228B91CC610B805
,,, iPhone 6 and iPhone 6 Plus First Look ,4KiRQpW1UFQ?list=PLD228B91CC610B805
,,, verykool s505 Spark ,1J_Yf939xHY?list=PLD228B91CC610B805
,,, Samsung Galaxy Note Edge First Look,Pp5XmU6hls8?list=PLD228B91CC610B805
,,, Samsung Galaxy Note 4 First Look,t0RCMu3_xKk?list=PLD228B91CC610B805
,,, HTC One M8 for Windows ,I5W7NAGcvBg?list=PLD228B91CC610B805
,,, LG G Vista ,jCEfTauE5eg?list=PLD228B91CC610B805
,,, HTC One Remix ,DmSXMWVY_58?list=PLD228B91CC610B805
,,, Amazon Fire Phone ,bao1-lmaEKA?list=PLD228B91CC610B805
,,, Huawei Ascend Mate2 ,Y1CGyKODELI?list=PLD228B91CC610B805
,,, Asus PadFone X ,NzudBmaUtSI?list=PLD228B91CC610B805
,,, Moto E ,Bw3Q8dIPCs0?list=PLD228B91CC610B805
,,, HTC One M8 Harman Kardon Edition on Sprint ,bDl3Ex5p3rA?list=PLD228B91CC610B805
,,, How to Unlock a GSM Phone,8rPip6x0pUQ?list=PLD228B91CC610B805
,,, Samsung Galaxy S5 In-Depth ,QFnwP422W5Q?list=PLD228B91CC610B805
,,, Samsung Galaxy S5 Quick Look ,R_3Z3UcYs6k?list=PLD228B91CC610B805
,,, HTC One M8 vs. iPhone 5s Comparison Smackdown,i1TZcOcsZME?list=PLD228B91CC610B805
,,, Nokia Lumia Icon ,PKCwL4lfyRM?list=PLD228B91CC610B805
,,, LG G Flex ,7r8LIOIJsAs?list=PLD228B91CC610B805
,,, BlackBerry Z30 ,qfiW0LrCRJI?list=PLD228B91CC610B805
,,, Moto G ,tJnTjCPrhRE?list=PLD228B91CC610B805
,,, Samsung Galaxy Gear ,hWJhz4BV4Lo?list=PLD228B91CC610B805
,,, Google Nexus 5 ,Q0y2gkqnBPE?list=PLD228B91CC610B805
,,, VeryKool s470 Affordable Unlocked Android Phone ,hj4_NP2PMRQ?list=PLD228B91CC610B805
,,, iPhone 5c ,_dwBBJxEGkU?list=PLD228B91CC610B805
,,, iPhone 5s ,#NAME?
,,, LG G2 ,JVRGBOvXgjk?list=PLD228B91CC610B805
,,, Moto X Factory Tour,vUzZi4Lbhmw?list=PLD228B91CC610B805
,,, Motorola Droid Maxx ,3vLjTato-ww?list=PLD228B91CC610B805
,,, Samsung Galaxy Mega 6.3 ,VpoQj3UJcts?list=PLD228B91CC610B805
,,, Moto X ,aWAPWQ1LSMI?list=PLD228B91CC610B805
,,, Nokia Lumia 925 ,NqeGIA46e1o?list=PLD228B91CC610B805
,,, HTC 8XT ,pAI0PK80Hks?list=PLD228B91CC610B805
,,, Nokia Lumia 1020 Sample 1080p Video,oj331Q-QNtA?list=PLD228B91CC610B805
,,, Nokia Lumia 1020 ,0hEEYxkI9Z4?list=PLD228B91CC610B805
,,, Samsung Galaxy Exhibit ,2CHgm4_EARU?list=PLD228B91CC610B805
,,, Sprint Vital ,ZvaUPJfKfzM?list=PLD228B91CC610B805
,,, HTC One Google Play Edition ,i0UQvYFd0GU?list=PLD228B91CC610B805
,,, Samsung Galaxy S4 Active ,SUgmvFKp_Qs?list=PLD228B91CC610B805
,,, BlackBerry Q10 ,bydj_iLEb2o?list=PLD228B91CC610B805
,,, Samsung Galaxy S4 Active Sneak Peek,CxkQavIz9wA?list=PLD228B91CC610B805
,,, BlackBerry Q5 Hands-on Video,jz8XXcSzQss?list=PLD228B91CC610B805
,,, LG Optimus G Pro (AT&T) ,ontnDQTsc7o?list=PLD228B91CC610B805
,,, LG Lucid 2 ,RTorIXwKWxM?list=PLD228B91CC610B805
,,, Sprint HTC One ,00z7zSEr2Lw?list=PLD228B91CC610B805
,,, HTC One ,eWTBgF9MKrQ?list=PLD228B91CC610B805
,,, BlackBerry Z10 on Verizon Wireless ,RrLiGEd8mM8?list=PLD228B91CC610B805
,,, BlackBerry Z10 on AT&T,S4SB9xs8GP4?list=PLD228B91CC610B805
,,, Pantech Discover ,fHtasF9on94?list=PLD228B91CC610B805
,,, Samsung ATIV Odyssey ,to-czfwofJg?list=PLD228B91CC610B805
,,, LG Spectrum 2 ,_26EMmiimMA?list=PLD228B91CC610B805
,,, HTC One X+ AT&T ,4oawMhL6p_M?list=PLD228B91CC610B805
,,, HTC 8X ,Io1Js7xsAII?list=PLD228B91CC610B805
,,, HTC Droid DNA ,lYJH0EwRw2Y?list=PLD228B91CC610B805
,,, Samsung Galaxy Note II ,u139NmWabAM?list=PLD228B91CC610B805
,,, Samsung Galaxy Victory 4G LTE ,8Z7v2knNwuM?list=PLD228B91CC610B805
,,, Motorola Droid Razr HD ,0d-pA7ycv3s?list=PLD228B91CC610B805
,,, LG Optimus G (AT&T & Sprint) ,51FLM6nrsZE?list=PLD228B91CC610B805
,,, LG Escape ,ZjCntTA3b2k?list=PLD228B91CC610B805
,,, iPhone 5 ,zLiG5oXrkCw?list=PLD228B91CC610B805
,,, Pantech Flex ,uA1X27UeDMQ?list=PLD228B91CC610B805
,,, Motorola Photon Q 4G LTE ,4YR9HaDVG24?list=PLD228B91CC610B805
,,, T-Mobile myTouch and myTouch Q ,u2glUZ43RG8?list=PLD228B91CC610B805
,,, T-Mobile Samsung Galaxy Note ,pzF0CwEWMwc?list=PLD228B91CC610B805
,,, Motorola Atrix HD ,Ncrc16Z47JU?list=PLD228B91CC610B805
,,, Droid Incredible 4G LTE ,1FXuBtnykb8?list=PLD228B91CC610B805
,,, Sony Xperia ion ,YPp3bPstufw?list=PLD228B91CC610B805
,,, Samsung Galaxy S III ,lNGVW-oi95w?list=PLD228B91CC610B805
,,, Samsung Focus 2 ,MjToGdYkJuE?list=PLD228B91CC610B805
,,, Droid Incredible 4G LTE Hands-on CTIA 2012,WdSNVmpGql8?list=PLD228B91CC610B805
,,, LG Optimus Vu Hands-on CTIA 2012,5J07Pn7IC-w?list=PLD228B91CC610B805
,,, LG Viper 4G LTE ,EokNNEmLpDM?list=PLD228B91CC610B805
,,, Sprint Samsung Galaxy Nexus ,xCWLaekGkYA?list=PLD228B91CC610B805
,,, HTC Titan II ,_YHhHhxzmfE?list=PLD228B91CC610B805
,,, LG Lucid ,9M_LKodu5kk?list=PLD228B91CC610B805
,,, ZTE Fury ,lqT1GwjLC_4?list=PLD228B91CC610B805
,,, Android 4.0 ICS Running on HTC Vivid,kTc8Bnm1ROw?list=PLD228B91CC610B805
,,, AT&T Samsung Galaxy Note ,z0lREO-b-wU?list=PLD228B91CC610B805
,,, Motorola Droid 4 ,o9x-btjOIGc?list=PLD228B91CC610B805
,,, Pantech Burst ,bJRaOHwAS0c?list=PLD228B91CC610B805
,,, T-Mobile myTouch and myTouch Q ,1ROtPQCQoyw?list=PLD228B91CC610B805
,,, Samsung Galaxy Nexus on Verizon ,_n7ftEo8mvQ?list=PLD228B91CC610B805
,,, HTC Radar 4G ,VxKlA4Vj8ys?list=PLD228B91CC610B805
,,, LG Nitro HD ,CN99477UOCo?list=PLD228B91CC610B805
,,, Samsung Captivate Glide ,6qlhaRHqCX8?list=PLD228B91CC610B805
,,, HTC Vivid ,450KUEyQQLQ?list=PLD228B91CC610B805
,,, Samsung Galaxy S II Skyrocket review,5JiwR05t828?list=PLD228B91CC610B805
,,, Nokia N9 ,jWJTBI3S4tg?list=PLD228B91CC610B805
,,, LG Marquee ,t0K5reFJfh4?list=PLD228B91CC610B805
,,, HTC EVO Design 4G ,VxGfz9CfLTg?list=PLD228B91CC610B805
,,, Motorola Atrix 2 ,LumiOhdkufs?list=PLD228B91CC610B805
,,, iPhone 4S ,1mtvJ01vjDg?list=PLD228B91CC610B805
,,, Samsung Galaxy S II on T-Mobile ,6cIeG1EpTB4?list=PLD228B91CC610B805
,,, Pantech Breakout ,Dxu3EjYObMU?list=PLD228B91CC610B805
,,, Samsung Galaxy S II on AT&T ,33HzYWL_MRc?list=PLD228B91CC610B805
,,, Sony Ericsson Xperia Play 4G ,lCndDw4zIk4?list=PLD228B91CC610B805
,,, Samsung Galaxy S II Epic 4G Touch ,MfnsFKNNHkY?list=PLD228B91CC610B805
,,, BlackBerry Torch 9850 ,rqeyN-Wf8pM?list=PLD228B91CC610B805
,,, BlackBerry Torch 9810 on AT&T ,jP7VkXZW84s?list=PLD228B91CC610B805
,,, BlackBerry Bold 9930 ,_ItaFInl0mo?list=PLD228B91CC610B805
,,, LG Thrill ,bGwKMGXr8rM?list=PLD228B91CC610B805
,,, HTC Status ,wcKOjrqTy68?list=PLD228B91CC610B805
,,, T-Mobile myTouch 4G Slide,6t3W-sbgy-Y?list=PLD228B91CC610B805
,,, Samsung Exhibit 4G ,_uPViGv9MJU?list=PLD228B91CC610B805
,,, HTC EVO View 4G ,WuNjWnm44CQ?list=PLD228B91CC610B805
,,, Motorola XPRT ,y6KhMxJvEi4?list=PLD228B91CC610B805
,,, HTC Sensation 4G ,HcXzqoZyZ3k?list=PLD228B91CC610B805
,,, Sony Ericsson Xperia Play ,vaaF0wXknps?list=PLD228B91CC610B805
,,, LG Revolution ,RK3AN9E9sXM?list=PLD228B91CC610B805
,,, HP Veer 4G ,g7qZIiZeML0?list=PLD228B91CC610B805
,,, Samsung Nexus S 4G ,MYIu6KuOlhQ?list=PLD228B91CC610B805
,,, BlackBerry Bold 9900 Demo Video at BlackBerry World,iCQbBb9-5s4?list=PLD228B91CC610B805
,,, Droid Incredible 2 by HTC ,T5xzuibb8gM?list=PLD228B91CC610B805
,,, Droid Charge by Samsung ,2T9WZ6_bHT0?list=PLD228B91CC610B805
,,, T-Mobile G2x ,gYULrpSFu6g?list=PLD228B91CC610B805
,,, T-Mobile Sidekick 4G ,aUuYyLdvuqo?list=PLD228B91CC610B805
,,, Kyocera Echo on Sprint ,UQUS12wKkBM?list=PLD228B91CC610B805
,,, LG Thrill 4G on AT&T Demo,DT8l_XCju3A?list=PLD228B91CC610B805
,,, T-Mobile G2X by LG Demo,aorO3SsjYRs?list=PLD228B91CC610B805
,,, HTC Thunderbolt on Verizon ,qQhsDnWu5Vc?list=PLD228B91CC610B805
,,, HTC Arrive Windows 7 Phone on Sprint ,lRYgTJ8A6qY?list=PLD228B91CC610B805
,,, Verizon iPhone 4 ,ZkwxBB-HVFk?list=PLD228B91CC610B805
,,, Samsung Galaxy S 4G ,vU5AuyjQD6A?list=PLD228B91CC610B805
,,, HP Pre 3 Demo Video,IzlHR5AVt0g?list=PLD228B91CC610B805
,,, HP Veer Quick Look,BLzvp2ZuA1Y?list=PLD228B91CC610B805
,,, HTC Inspire 4G ,PeCYsQ8LROI?list=PLD228B91CC610B805
,,, Motorola CLIQ 2 ,hMG9JdRuuow?list=PLD228B91CC610B805
,,, HTC EVO Shift 4G ,PiIRD7vyixs?list=PLD228B91CC610B805
,,, Google Nexus S by Samsung ,zc5E6aHRDj0?list=PLD228B91CC610B805
,,, Motorola Droid Pro ,6C3C7D_egkQ?list=PLD228B91CC610B805
,,, LG Quantum ,zx8MD-Kfr9I?list=PLD228B91CC610B805
,,, Samsung Continuum Galaxy S Phone ,8NFQy1ehWHQ?list=PLD228B91CC610B805
,,, Nokia E72 Video ,2o-H3H3LSaA?list=PLD228B91CC610B805
,,, Palm Pre Plus and Palm Pixi Plus on Verizon Video ,I6KUrq_k9EA?list=PLD228B91CC610B805
,,, Google Nexus One Video  Part Two,hyLfPeaz2cQ?list=PLD228B91CC610B805
,,, Google Nexus One Video  Part One,j0pj0Ec_lls?list=PLD228B91CC610B805
,,, Motorola Droid for Verizon Video ,qm81D-7YgKk?list=PLD228B91CC610B805
,,, Sony Ericsson Xperia X2 Demo,tOsYmBevi-Y?list=PLD228B91CC610B805
,,, HTC Pure for AT&T Video ,29n1qbyLrZM?list=PLD228B91CC610B805
,,,Blackberry Priv ,K-jYDRd_53w?list=PLBsP89CPrMeNm71T5gYC6jebm9vPbLBiP
,,,Nexus 6P ,Xc5fFvp8le4?list=PLBsP89CPrMeNm71T5gYC6jebm9vPbLBiP
,,,Moto 360 V2 ,2IIUHleexIk?list=PLBsP89CPrMeNm71T5gYC6jebm9vPbLBiP
,,,iPhone 6s ,E357cGzOGLM?list=PLBsP89CPrMeNm71T5gYC6jebm9vPbLBiP
,,,Moto X Pure (2015) ,gM_gTtll7FE?list=PLBsP89CPrMeNm71T5gYC6jebm9vPbLBiP
,,,Samsung Galaxy Note 5 ,V-nBAcr_huw?list=PLBsP89CPrMeNm71T5gYC6jebm9vPbLBiP
,,,OnePlus 2 ,s8Un0XB_8xk?list=PLBsP89CPrMeNm71T5gYC6jebm9vPbLBiP
,,,Jaybird X2 Review: Best Bluetooth Earbuds!,LObJOc5u7sY?list=PLBsP89CPrMeNm71T5gYC6jebm9vPbLBiP
,,,Moto G 2015 ,9HDKRP4nzc0?list=PLBsP89CPrMeNm71T5gYC6jebm9vPbLBiP
,,,Sony RX100 IV Review: Pocket 4K!,cx20nTPZjes?list=PLBsP89CPrMeNm71T5gYC6jebm9vPbLBiP
,,,GoPro Hero 4 Session ,xpc07Lbgrow?list=PLBsP89CPrMeNm71T5gYC6jebm9vPbLBiP
,,,iPod Touch 2015 ,orPHNS-0CZI?list=PLBsP89CPrMeNm71T5gYC6jebm9vPbLBiP
,,,2015 Macbook ,TA8JprZlDYA?list=PLBsP89CPrMeNm71T5gYC6jebm9vPbLBiP
,,,HTC One M9+ (& S6 Plus!),UrzhzCA1NUw?list=PLBsP89CPrMeNm71T5gYC6jebm9vPbLBiP
,,,LG G4 ,VTUDzrIgZlI?list=PLBsP89CPrMeNm71T5gYC6jebm9vPbLBiP
,,,Apple Watch ,dPL1-8ypnEs?list=PLBsP89CPrMeNm71T5gYC6jebm9vPbLBiP
,,,Samsung Galaxy S6 Edge ,Ws9KAQS02Yo?list=PLBsP89CPrMeNm71T5gYC6jebm9vPbLBiP
,,,Chromebook Pixel 2 ,WjUebpBA2AE?list=PLBsP89CPrMeNm71T5gYC6jebm9vPbLBiP
,,,HTC One M9 ,5x6DELO6Sz4?list=PLBsP89CPrMeNm71T5gYC6jebm9vPbLBiP
,,,Logitech MX Master ,JDJDeuJbiKc?list=PLBsP89CPrMeNm71T5gYC6jebm9vPbLBiP
,,,Audio Technica ATH-M70X ,3yoAj-PRsZ0?list=PLBsP89CPrMeNm71T5gYC6jebm9vPbLBiP
,,,Dell Venue 8 7000 ,KG9E5LaI8bk?list=PLBsP89CPrMeNm71T5gYC6jebm9vPbLBiP
,,,Google Nexus 9 ,vE-P7zzCCsU?list=PLBsP89CPrMeNm71T5gYC6jebm9vPbLBiP
,,,Apple iPad Air 2 ,DqVPbEcWtA0?list=PLBsP89CPrMeNm71T5gYC6jebm9vPbLBiP
,,,Android 5.0 Lollipop Feature ,pEDQ1z1-PvU?list=PLBsP89CPrMeNm71T5gYC6jebm9vPbLBiP
,,,Apple iPhone 6+ ,Wwp9eaVVW_8?list=PLBsP89CPrMeNm71T5gYC6jebm9vPbLBiP
,,,Apple iPhone 6 ,61TAqY03xwk?list=PLBsP89CPrMeNm71T5gYC6jebm9vPbLBiP
,,,Moto X (2014) ,BK3YvlOFRTg?list=PLBsP89CPrMeNm71T5gYC6jebm9vPbLBiP
,,,Moto 360 ,X8DOUSGGw10?list=PLBsP89CPrMeNm71T5gYC6jebm9vPbLBiP
,,,NVIDIA Shield Tablet ,PNp2IjVv3HI?list=PLBsP89CPrMeNm71T5gYC6jebm9vPbLBiP
,,,Sony RX100 MKIII ,9HtGhNUtW-E?list=PLBsP89CPrMeNm71T5gYC6jebm9vPbLBiP
,,,LG G3 ,7QH1qFd24bY?list=PLBsP89CPrMeNm71T5gYC6jebm9vPbLBiP
,,,LG G3 QHD Display ,yAyR_YHEZ_c?list=PLBsP89CPrMeNm71T5gYC6jebm9vPbLBiP
,,,OnePlus One ,FrgGHAab9D8?list=PLBsP89CPrMeNm71T5gYC6jebm9vPbLBiP
,,,HTC One M8 Google Play Edition ,Ew5ZzloH4Mg?list=PLBsP89CPrMeNm71T5gYC6jebm9vPbLBiP
,,,Oppo Find 7a ,QahWCPNALDA?list=PLBsP89CPrMeNm71T5gYC6jebm9vPbLBiP
,,,New Mac Pro ,RwnSX-3ncSA?list=PLBsP89CPrMeNm71T5gYC6jebm9vPbLBiP
,,,Oppo N1  (Cyanogenmod Phone),3GrIWdORHvc?list=PLBsP89CPrMeNm71T5gYC6jebm9vPbLBiP
,,,Samsung Galaxy Round ,tTxhneVcmEo?list=PLBsP89CPrMeNm71T5gYC6jebm9vPbLBiP
,,,Apple iPad Air ,Hr8E-_yU2YA?list=PLBsP89CPrMeNm71T5gYC6jebm9vPbLBiP
,,,Samsung Galaxy Gear ,P4Hbn6xcD9M?list=PLBsP89CPrMeNm71T5gYC6jebm9vPbLBiP
,,,Samsung Galaxy Note 3 ,9NSBB-kFDGQ?list=PLBsP89CPrMeNm71T5gYC6jebm9vPbLBiP
,,,LG G2 ,WBeFfWUdseI?list=PLBsP89CPrMeNm71T5gYC6jebm9vPbLBiP
,,,Sony RX100 M2 ,fsOxwsFF50c?list=PLBsP89CPrMeNm71T5gYC6jebm9vPbLBiP
,,,Nexus 7 (2013) ,wEpMtf6nJco?list=PLBsP89CPrMeNm71T5gYC6jebm9vPbLBiP
,,,Google Chromecast ,TK4u6wm-HIk?list=PLBsP89CPrMeNm71T5gYC6jebm9vPbLBiP
,,,Google Edition HTC One ,fNt-QXLp6YI?list=PLBsP89CPrMeNm71T5gYC6jebm9vPbLBiP
,,,"13"" Macbook Air 2013 ",epLszn-rnpA?list=PLBsP89CPrMeNm71T5gYC6jebm9vPbLBiP
,,,LG Optimus G Pro ,aYtAdCDOCfU?list=PLBsP89CPrMeNm71T5gYC6jebm9vPbLBiP
,,,Beyerdynamic Custom One Pro ,LDBWrSENTps?list=PLBsP89CPrMeNm71T5gYC6jebm9vPbLBiP
,,,Chromebook Pixel ,6d0lEMp8Vtk?list=PLBsP89CPrMeNm71T5gYC6jebm9vPbLBiP
,,,Oppo Find 5 ,XkqiFOvF8v0?list=PLBsP89CPrMeNm71T5gYC6jebm9vPbLBiP
,,,Samsung Galaxy Camera ,8gca3uud87c?list=PLBsP89CPrMeNm71T5gYC6jebm9vPbLBiP
,,,Google Nexus 10 ,IysmRC4aAFc?list=PLBsP89CPrMeNm71T5gYC6jebm9vPbLBiP
,,,Google Nexus 4 ,zFOnOLXrMBQ?list=PLBsP89CPrMeNm71T5gYC6jebm9vPbLBiP
,,,LG Optimus G  (Nexus 4 Comparison),yRaIjn6q9Jo?list=PLBsP89CPrMeNm71T5gYC6jebm9vPbLBiP
,,,Asus Zenbook Prime ,Teyx-jx2Ano?list=PLBsP89CPrMeNm71T5gYC6jebm9vPbLBiP
,,,Asus Transformer Pad Infinity ,ddI-ZZwFclc?list=PLBsP89CPrMeNm71T5gYC6jebm9vPbLBiP
,,,iKey Audio M-505V2 Studio Monitors!,gSimDdChHbE?list=PLBsP89CPrMeNm71T5gYC6jebm9vPbLBiP
,,,Sony NEX-VG20 ,hE3XMbsneMk?list=PLBsP89CPrMeNm71T5gYC6jebm9vPbLBiP
,,,Samsung Galaxy Nexus ,fFRl2oOqDsk?list=PLBsP89CPrMeNm71T5gYC6jebm9vPbLBiP
,,,TokyoFlash Night Vision Watch!,fDCumhEKerw?list=PLBsP89CPrMeNm71T5gYC6jebm9vPbLBiP
,,,Blue Spark Microphone ,v8WRJSBi6E4?list=PLBsP89CPrMeNm71T5gYC6jebm9vPbLBiP
,,,iPad 3 vs Transformer Prime!,R3n_J7v82AM?list=PLBsP89CPrMeNm71T5gYC6jebm9vPbLBiP
,,,Asus Zenbook UX31 ,1Ij-_XD8tXQ?list=PLBsP89CPrMeNm71T5gYC6jebm9vPbLBiP
,,,Asus Transformer Prime Dock!,fQqdHfUVOiI?list=PLBsP89CPrMeNm71T5gYC6jebm9vPbLBiP
,,,Beats Pro vs Audio Technica ATH-M50!,et_PWifUd1w?list=PLBsP89CPrMeNm71T5gYC6jebm9vPbLBiP
,,,Chrome Beta for Android!,ngEoQzIqHMc?list=PLBsP89CPrMeNm71T5gYC6jebm9vPbLBiP
,,,Cyborg RAT 7 ,wkmL7KyNn3o?list=PLBsP89CPrMeNm71T5gYC6jebm9vPbLBiP
,,,Asus Transformer Prime ,WBdJ6X1hp-U?list=PLBsP89CPrMeNm71T5gYC6jebm9vPbLBiP
,,,Bose Companion 2 Series II Speaker ,kPoPZ4L8O5A?list=PLBsP89CPrMeNm71T5gYC6jebm9vPbLBiP
,,,Galaxy Nexus Camera Review,jm3wDComxLQ?list=PLBsP89CPrMeNm71T5gYC6jebm9vPbLBiP
,,,New Chrome Web Store Review,CAlNejjtSLc?list=PLBsP89CPrMeNm71T5gYC6jebm9vPbLBiP
,,,Canon 24mm f/1.4 L Review,LpC6UwZR_Hw?list=PLBsP89CPrMeNm71T5gYC6jebm9vPbLBiP
,,,The Blue Snowball [Review],lF7GLUHu8BE?list=PLBsP89CPrMeNm71T5gYC6jebm9vPbLBiP
,,,The DROID [Retro Review],8W3bJGflOic?list=PLBsP89CPrMeNm71T5gYC6jebm9vPbLBiP
,,,Audio Technica ATH-M50 [Review],Krdb8lceRoI?list=PLBsP89CPrMeNm71T5gYC6jebm9vPbLBiP