Blackberry Priv Review!,/watch?v=K-jYDRd_53w&index=1&list=PLBsP89CPrMeNm71T5gYC6jebm9vPbLBiP
Nexus 6P Review!,/watch?v=Xc5fFvp8le4&index=2&list=PLBsP89CPrMeNm71T5gYC6jebm9vPbLBiP
Moto 360 V2 Review!,/watch?v=2IIUHleexIk&index=3&list=PLBsP89CPrMeNm71T5gYC6jebm9vPbLBiP
iPhone 6s Review!,/watch?v=E357cGzOGLM&index=4&list=PLBsP89CPrMeNm71T5gYC6jebm9vPbLBiP
Moto X Pure (2015) Review!,/watch?v=gM_gTtll7FE&index=5&list=PLBsP89CPrMeNm71T5gYC6jebm9vPbLBiP
Samsung Galaxy Note 5 Review!,/watch?v=V-nBAcr_huw&index=6&list=PLBsP89CPrMeNm71T5gYC6jebm9vPbLBiP
OnePlus 2 Review!,/watch?v=s8Un0XB_8xk&index=7&list=PLBsP89CPrMeNm71T5gYC6jebm9vPbLBiP
Jaybird X2 Review: Best Bluetooth Earbuds!,/watch?v=LObJOc5u7sY&index=8&list=PLBsP89CPrMeNm71T5gYC6jebm9vPbLBiP
Moto G 2015 Review!,/watch?v=9HDKRP4nzc0&index=9&list=PLBsP89CPrMeNm71T5gYC6jebm9vPbLBiP
Sony RX100 IV Review: Pocket 4K!,/watch?v=cx20nTPZjes&index=10&list=PLBsP89CPrMeNm71T5gYC6jebm9vPbLBiP
GoPro Hero 4 Session Review!,/watch?v=xpc07Lbgrow&index=11&list=PLBsP89CPrMeNm71T5gYC6jebm9vPbLBiP
iPod Touch 2015 Review!,/watch?v=orPHNS-0CZI&index=12&list=PLBsP89CPrMeNm71T5gYC6jebm9vPbLBiP
2015 Macbook Review!,/watch?v=TA8JprZlDYA&index=13&list=PLBsP89CPrMeNm71T5gYC6jebm9vPbLBiP
HTC One M9+ (& S6 Plus!),/watch?v=UrzhzCA1NUw&index=14&list=PLBsP89CPrMeNm71T5gYC6jebm9vPbLBiP
LG G4 Review!,/watch?v=VTUDzrIgZlI&index=15&list=PLBsP89CPrMeNm71T5gYC6jebm9vPbLBiP
Apple Watch Review!,/watch?v=dPL1-8ypnEs&index=16&list=PLBsP89CPrMeNm71T5gYC6jebm9vPbLBiP
Samsung Galaxy S6 Edge Review!,/watch?v=Ws9KAQS02Yo&index=17&list=PLBsP89CPrMeNm71T5gYC6jebm9vPbLBiP
Chromebook Pixel 2 Review!,/watch?v=WjUebpBA2AE&index=18&list=PLBsP89CPrMeNm71T5gYC6jebm9vPbLBiP
Samsung Galaxy S6 Review!,/watch?v=Mhvv2-iCKao&index=19&list=PLBsP89CPrMeNm71T5gYC6jebm9vPbLBiP
HTC One M9 Review!,/watch?v=5x6DELO6Sz4&index=20&list=PLBsP89CPrMeNm71T5gYC6jebm9vPbLBiP
Logitech MX Master Review!,/watch?v=JDJDeuJbiKc&index=21&list=PLBsP89CPrMeNm71T5gYC6jebm9vPbLBiP
Audio Technica ATH-M70X Review!,/watch?v=3yoAj-PRsZ0&index=22&list=PLBsP89CPrMeNm71T5gYC6jebm9vPbLBiP
Dell Venue 8 7000 Review!,/watch?v=KG9E5LaI8bk&index=23&list=PLBsP89CPrMeNm71T5gYC6jebm9vPbLBiP
Motorola Droid Turbo Review!,/watch?v=26C_O6hDMjQ&index=24&list=PLBsP89CPrMeNm71T5gYC6jebm9vPbLBiP
Google Nexus 9 Review!,/watch?v=vE-P7zzCCsU&index=25&list=PLBsP89CPrMeNm71T5gYC6jebm9vPbLBiP
Google Nexus 6 Review!,/watch?v=RoAPTdvgAJg&index=26&list=PLBsP89CPrMeNm71T5gYC6jebm9vPbLBiP
Apple iPad Air 2 Review!,/watch?v=DqVPbEcWtA0&index=27&list=PLBsP89CPrMeNm71T5gYC6jebm9vPbLBiP
Android 5.0 Lollipop Feature Review!,/watch?v=pEDQ1z1-PvU&index=28&list=PLBsP89CPrMeNm71T5gYC6jebm9vPbLBiP
Apple iPhone 6+ Review!,/watch?v=Wwp9eaVVW_8&index=29&list=PLBsP89CPrMeNm71T5gYC6jebm9vPbLBiP
Apple iPhone 6 Review!,/watch?v=61TAqY03xwk&index=30&list=PLBsP89CPrMeNm71T5gYC6jebm9vPbLBiP
Samsung Galaxy Alpha Review!,/watch?v=SlTvgY9PeCQ&index=31&list=PLBsP89CPrMeNm71T5gYC6jebm9vPbLBiP
Moto X (2014) Review!,/watch?v=BK3YvlOFRTg&index=32&list=PLBsP89CPrMeNm71T5gYC6jebm9vPbLBiP
Moto 360 Review!,/watch?v=X8DOUSGGw10&index=33&list=PLBsP89CPrMeNm71T5gYC6jebm9vPbLBiP
NVIDIA Shield Tablet Review!,/watch?v=PNp2IjVv3HI&index=34&list=PLBsP89CPrMeNm71T5gYC6jebm9vPbLBiP
Sony RX100 MKIII Review!,/watch?v=9HtGhNUtW-E&index=35&list=PLBsP89CPrMeNm71T5gYC6jebm9vPbLBiP
LG G3 Review!,/watch?v=7QH1qFd24bY&index=36&list=PLBsP89CPrMeNm71T5gYC6jebm9vPbLBiP
LG G3 QHD Display Review!,/watch?v=yAyR_YHEZ_c&index=37&list=PLBsP89CPrMeNm71T5gYC6jebm9vPbLBiP
OnePlus One Review!,/watch?v=FrgGHAab9D8&index=38&list=PLBsP89CPrMeNm71T5gYC6jebm9vPbLBiP
HTC One M8 Google Play Edition Review!,/watch?v=Ew5ZzloH4Mg&index=39&list=PLBsP89CPrMeNm71T5gYC6jebm9vPbLBiP
Oppo Find 7a Review!,/watch?v=QahWCPNALDA&index=40&list=PLBsP89CPrMeNm71T5gYC6jebm9vPbLBiP
Samsung Galaxy S5 Review!,/watch?v=z8gOX35dAfc&index=41&list=PLBsP89CPrMeNm71T5gYC6jebm9vPbLBiP
HTC One M8 Review!,/watch?v=pwsPZi_JRrA&index=42&list=PLBsP89CPrMeNm71T5gYC6jebm9vPbLBiP
New Mac Pro Review!,/watch?v=RwnSX-3ncSA&index=43&list=PLBsP89CPrMeNm71T5gYC6jebm9vPbLBiP
Nokia Lumia 1520 Review!,/watch?v=lVPAfntOfmc&index=44&list=PLBsP89CPrMeNm71T5gYC6jebm9vPbLBiP
Motorola Moto G Review!,/watch?v=KFD0Nm2dOHw&index=45&list=PLBsP89CPrMeNm71T5gYC6jebm9vPbLBiP
Oppo N1 Review! (Cyanogenmod Phone),/watch?v=3GrIWdORHvc&index=46&list=PLBsP89CPrMeNm71T5gYC6jebm9vPbLBiP
Samsung Galaxy Round Review!,/watch?v=tTxhneVcmEo&index=47&list=PLBsP89CPrMeNm71T5gYC6jebm9vPbLBiP
Apple iPad Air Review!,/watch?v=Hr8E-_yU2YA&index=48&list=PLBsP89CPrMeNm71T5gYC6jebm9vPbLBiP
Google Nexus 5 Review!,/watch?v=1dg2UIzIt4s&index=49&list=PLBsP89CPrMeNm71T5gYC6jebm9vPbLBiP
Samsung Galaxy Gear Review!,/watch?v=P4Hbn6xcD9M&index=50&list=PLBsP89CPrMeNm71T5gYC6jebm9vPbLBiP
Sony Xperia Z1 Review!,/watch?v=hUgOgMCKXqs&index=51&list=PLBsP89CPrMeNm71T5gYC6jebm9vPbLBiP
Apple iPhone 5s Review!,/watch?v=uBEaG6n0XDs&index=52&list=PLBsP89CPrMeNm71T5gYC6jebm9vPbLBiP
Samsung Galaxy Note 3 Review!,/watch?v=9NSBB-kFDGQ&index=53&list=PLBsP89CPrMeNm71T5gYC6jebm9vPbLBiP
LG G2 Review!,/watch?v=WBeFfWUdseI&index=54&list=PLBsP89CPrMeNm71T5gYC6jebm9vPbLBiP
Sony RX100 M2 Review!,/watch?v=fsOxwsFF50c&index=55&list=PLBsP89CPrMeNm71T5gYC6jebm9vPbLBiP
Nokia Lumia 1020 Review!,/watch?v=Fi1JUykQBKw&index=56&list=PLBsP89CPrMeNm71T5gYC6jebm9vPbLBiP
Motorola Moto X Review!,/watch?v=CJTlB_S7ct0&index=57&list=PLBsP89CPrMeNm71T5gYC6jebm9vPbLBiP
Nexus 7 (2013) Review!,/watch?v=wEpMtf6nJco&index=58&list=PLBsP89CPrMeNm71T5gYC6jebm9vPbLBiP
Google Chromecast Review!,/watch?v=TK4u6wm-HIk&index=59&list=PLBsP89CPrMeNm71T5gYC6jebm9vPbLBiP
Google Edition HTC One Review!,/watch?v=fNt-QXLp6YI&index=60&list=PLBsP89CPrMeNm71T5gYC6jebm9vPbLBiP
Nokia Lumia 925 Review!,/watch?v=CntfUc_Sd1c&index=61&list=PLBsP89CPrMeNm71T5gYC6jebm9vPbLBiP
"13"" Macbook Air 2013 Review!",/watch?v=epLszn-rnpA&index=62&list=PLBsP89CPrMeNm71T5gYC6jebm9vPbLBiP
Samsung Galaxy Mega Review!,/watch?v=zb5Wp_i8oQo&index=63&list=PLBsP89CPrMeNm71T5gYC6jebm9vPbLBiP
LG Optimus G Pro Review!,/watch?v=aYtAdCDOCfU&index=64&list=PLBsP89CPrMeNm71T5gYC6jebm9vPbLBiP
HTC One Review!,/watch?v=KF75-HPdUfY&index=65&list=PLBsP89CPrMeNm71T5gYC6jebm9vPbLBiP
Samsung Galaxy S4 Review!,/watch?v=wXmzpFoHkfA&index=66&list=PLBsP89CPrMeNm71T5gYC6jebm9vPbLBiP
Beyerdynamic Custom One Pro Review!,/watch?v=LDBWrSENTps&index=67&list=PLBsP89CPrMeNm71T5gYC6jebm9vPbLBiP
Sony Xperia Z Review!,/watch?v=GlhXpHULwys&index=68&list=PLBsP89CPrMeNm71T5gYC6jebm9vPbLBiP
Chromebook Pixel Review!,/watch?v=6d0lEMp8Vtk&index=69&list=PLBsP89CPrMeNm71T5gYC6jebm9vPbLBiP
Oppo Find 5 Review!,/watch?v=XkqiFOvF8v0&index=70&list=PLBsP89CPrMeNm71T5gYC6jebm9vPbLBiP
Samsung Galaxy Camera Review!,/watch?v=8gca3uud87c&index=71&list=PLBsP89CPrMeNm71T5gYC6jebm9vPbLBiP
Google Nexus 10 Review!,/watch?v=IysmRC4aAFc&index=72&list=PLBsP89CPrMeNm71T5gYC6jebm9vPbLBiP
Google Nexus 4 Review!,/watch?v=zFOnOLXrMBQ&index=73&list=PLBsP89CPrMeNm71T5gYC6jebm9vPbLBiP
LG Optimus G Review! (Nexus 4 Comparison),/watch?v=yRaIjn6q9Jo&index=74&list=PLBsP89CPrMeNm71T5gYC6jebm9vPbLBiP
Samsung Galaxy Note 2 Review!,/watch?v=VdsMwGWvhO4&index=75&list=PLBsP89CPrMeNm71T5gYC6jebm9vPbLBiP
Asus Zenbook Prime Review!,/watch?v=Teyx-jx2Ano&index=76&list=PLBsP89CPrMeNm71T5gYC6jebm9vPbLBiP
Google Nexus 7 Review!,/watch?v=YddnWW_JYiY&index=77&list=PLBsP89CPrMeNm71T5gYC6jebm9vPbLBiP
Asus Transformer Pad Infinity Review!,/watch?v=ddI-ZZwFclc&index=78&list=PLBsP89CPrMeNm71T5gYC6jebm9vPbLBiP
iKey Audio M-505V2 Studio Monitors!,/watch?v=gSimDdChHbE&index=79&list=PLBsP89CPrMeNm71T5gYC6jebm9vPbLBiP
Sony NEX-VG20 Review!,/watch?v=hE3XMbsneMk&index=80&list=PLBsP89CPrMeNm71T5gYC6jebm9vPbLBiP
HTC One X Review!,/watch?v=yLZrBuNBQWc&index=81&list=PLBsP89CPrMeNm71T5gYC6jebm9vPbLBiP
Samsung Galaxy Nexus Review!,/watch?v=fFRl2oOqDsk&index=82&list=PLBsP89CPrMeNm71T5gYC6jebm9vPbLBiP
TokyoFlash Night Vision Watch!,/watch?v=fDCumhEKerw&index=83&list=PLBsP89CPrMeNm71T5gYC6jebm9vPbLBiP
Blue Spark Microphone Review!,/watch?v=v8WRJSBi6E4&index=84&list=PLBsP89CPrMeNm71T5gYC6jebm9vPbLBiP
iPad 3 vs Transformer Prime!,/watch?v=R3n_J7v82AM&index=85&list=PLBsP89CPrMeNm71T5gYC6jebm9vPbLBiP
Asus Zenbook UX31 Review!,/watch?v=1Ij-_XD8tXQ&index=86&list=PLBsP89CPrMeNm71T5gYC6jebm9vPbLBiP
Asus Transformer Prime Dock!,/watch?v=fQqdHfUVOiI&index=87&list=PLBsP89CPrMeNm71T5gYC6jebm9vPbLBiP
Beats Pro vs Audio Technica ATH-M50!,/watch?v=et_PWifUd1w&index=88&list=PLBsP89CPrMeNm71T5gYC6jebm9vPbLBiP
Chrome Beta for Android!,/watch?v=ngEoQzIqHMc&index=89&list=PLBsP89CPrMeNm71T5gYC6jebm9vPbLBiP
Cyborg RAT 7 Review!,/watch?v=wkmL7KyNn3o&index=90&list=PLBsP89CPrMeNm71T5gYC6jebm9vPbLBiP
Asus Transformer Prime Review!,/watch?v=WBdJ6X1hp-U&index=91&list=PLBsP89CPrMeNm71T5gYC6jebm9vPbLBiP
Bose Companion 2 Series II Speaker Review!,/watch?v=kPoPZ4L8O5A&index=92&list=PLBsP89CPrMeNm71T5gYC6jebm9vPbLBiP
Galaxy Nexus Camera Review,/watch?v=jm3wDComxLQ&index=93&list=PLBsP89CPrMeNm71T5gYC6jebm9vPbLBiP
New Chrome Web Store Review,/watch?v=CAlNejjtSLc&index=94&list=PLBsP89CPrMeNm71T5gYC6jebm9vPbLBiP
Canon 24mm f/1.4 L Review,/watch?v=LpC6UwZR_Hw&index=95&list=PLBsP89CPrMeNm71T5gYC6jebm9vPbLBiP
The Blue Snowball [Review],/watch?v=lF7GLUHu8BE&index=96&list=PLBsP89CPrMeNm71T5gYC6jebm9vPbLBiP
The DROID [Retro Review],/watch?v=8W3bJGflOic&index=97&list=PLBsP89CPrMeNm71T5gYC6jebm9vPbLBiP
Audio Technica ATH-M50 [Review],/watch?v=Krdb8lceRoI&index=98&list=PLBsP89CPrMeNm71T5gYC6jebm9vPbLBiP