Link, Anchor Text
"https://www.youtube.com/watch?v=8WjZMo3K9O8", BlackBerry PRIV Review
"https://www.youtube.com/watch?v=hh60v2K5DLk", Apple iPhone 6s Plus Review
"https://www.youtube.com/watch?v=-0VCxufECvQ", Sony Xperia Z5 Review
"https://www.youtube.com/watch?v=_WwnfEOrwBE", LG V10 Review
"https://www.youtube.com/watch?v=amO5rzdaZjo", Samsung Galaxy Tab S2 9.7-inch Review
"https://www.youtube.com/watch?v=aeM802GBbz8", Motorola Moto X Pure Review
"https://www.youtube.com/watch?v=6JB7xFZjBJQ", Motorola DROID Turbo 2 Review
"https://www.youtube.com/watch?v=Z-zi7LSOE8s", Sony Xperia M4 Aqua Review
"https://www.youtube.com/watch?v=JFJZTPblGu0", Xiaomi Mi 4c Review
"https://www.youtube.com/watch?v=SDdwlGzlvus", Samsung Galaxy S6 edge+ Review
"https://www.youtube.com/watch?v=5uRDkGeQ79s", Lenovo PHAB Plus Review
"https://www.youtube.com/watch?v=J61ss2PNfeo", Samsung Galaxy S6 edge Review
"https://www.youtube.com/watch?v=JC8C-9F-A9I", Samsung Galaxy S6 Review
"https://www.youtube.com/watch?v=iS2wkzwqtHM", Xiaomi Redmi Note 2 Review
"https://www.youtube.com/watch?v=5tn_33RZBkQ", Motorola Moto G (2015) Review
"https://www.youtube.com/watch?v=ALCt0mYEUb0", LG G4 Review
"https://www.youtube.com/watch?v=I2XMRHyhbxg", Meizu m2 note Review
"https://www.youtube.com/watch?v=h-yCaMm6O8U", Asus ZenPad S 8.0 Z580CA Review
"https://www.youtube.com/watch?v=0KiITV2rJFE", Asus Zenfone 2 Review
"https://www.youtube.com/watch?v=UnVcmrF98K8", Huawei P8 Lite Review
"https://www.youtube.com/watch?v=FVV8oBq6U1U", Xiaomi Redmi 2 Review
"https://www.youtube.com/watch?v=sxlavatJR34", Apple iPhone 5c Review
"https://www.youtube.com/watch?v=2SPimjuoeFU", Microsoft Surface 3 LTE Review
"https://www.youtube.com/watch?v=iIS-V47YaZs", Microsoft Lumia 640 XL Review
"https://www.youtube.com/watch?v=kW2YISXips8", Microsoft Lumia 640 Review
"https://www.youtube.com/watch?v=aBCjMnjQLQw", Blackberry Passport Review
"https://www.youtube.com/watch?v=1VsyUQVLCXU", Nokia Lumia 730 Review
"https://www.youtube.com/watch?v=oTqQr3g17tQ", Fitbit Flex Review
"https://www.youtube.com/watch?v=zDJbWQUmQyo", HTC Desire 626 Review
"https://www.youtube.com/watch?v=W9O59lMlxiM", Motorola DROID MAXX 2 Review
"https://www.youtube.com/watch?v=V3JzZslkYYQ", Microsoft Lumia 735 Review
"https://www.youtube.com/watch?v=tUpakYjqtNI", Sony Xperia Z3 Compact Review
"https://www.youtube.com/watch?v=d8bgW2PuCBk", Apple iPhone 6 Review
"https://www.youtube.com/watch?v=OgmK85ROJMM", Sony Xperia Z3 Review
"https://www.youtube.com/watch?v=ZuoGvZ4HdDg", LG G Stylo Review
"https://www.youtube.com/watch?v=_bBgayRlpuQ", Sony Xperia E4g Review
"https://www.youtube.com/watch?v=T2Jxvcxub6s", Motorola Moto 360 Review
"https://www.youtube.com/watch?v=roj4DCAA_hw", OPPO R7 Plus Review
"https://www.youtube.com/watch?v=hkzp5WdIK6k", BLU Pure XL Review
"https://www.youtube.com/watch?v=nyjMVJ3ISDQ", BlackBerry Z30 Review
"https://www.youtube.com/watch?v=PcQ9QG6etyc", Samsung Galaxy Note5 Review
"https://www.youtube.com/watch?v=dlfCVkszKWE", Apple iPhone 4S Review
"https://www.youtube.com/watch?v=gAOUjyFtzM0", Samsung Galaxy Tab S2 8-inch Review
"https://www.youtube.com/watch?v=t59hNnNLf5Y", Fitbit Surge Review
"https://www.youtube.com/watch?v=qh84xgzXAfc", Microsoft Band 2 Review
"https://www.youtube.com/watch?v=4r94qlP1cQA", Apple iPhone 5s Review
"https://www.youtube.com/watch?v=FYHeA1Mfwvw", Apple iPad mini 2 Review
"https://www.youtube.com/watch?v=FYLlORCRyDQ", Google Nexus 6 Review
"https://www.youtube.com/watch?v=mWVnhisdkjY", Nokia Lumia 1320 Review
"https://www.youtube.com/watch?v=ZbJzVYZaRhk", BlackBerry Classic Review
"https://www.youtube.com/watch?v=rQsYt8vMkZk", Oppo R5 Review
"https://www.youtube.com/watch?v=zYg8Rd5PMfY", Roku 3 Review
"https://www.youtube.com/watch?v=VKu9jFkEqEA", Huawei Watch Review
"https://www.youtube.com/watch?v=DI3TpYFvbg0", Motorola DROID Turbo Review
"https://www.youtube.com/watch?v=ArgVZT_s9cA", Samsung Galaxy Grand 2 Review
"https://www.youtube.com/watch?v=4IPw6H6T9ug", Alcatel OneTouch Watch Review
"https://www.youtube.com/watch?v=G4LYP0foV-E", Samsung Galaxy Note Edge Review
"https://www.youtube.com/watch?v=2pFy181ATBs", HTC Desire 820 Review
"https://www.youtube.com/watch?v=KI5ZVz2GmT0", Sony Xperia M2 Review
"https://www.youtube.com/watch?v=q64BcEbjCRE", Xiaomi Mi 4 Review
"https://www.youtube.com/watch?v=ZvuyasllrqI", Nokia Lumia 630 Review
"https://www.youtube.com/watch?v=Y-Dg-bEZM_s", Samsung Galaxy Note 3 Neo Review
"https://www.youtube.com/watch?v=ay396u1EKJg", Sony Xperia T3 Review
"https://www.youtube.com/watch?v=PdPKemdTpHU", Nokia Lumia 930 Review
"https://www.youtube.com/watch?v=gjxy51vSn0M", Samsung Galaxy Core Review
"https://www.youtube.com/watch?v=jhmbn_eVAJA", Samsung Galaxy Note 4 Review
"https://www.youtube.com/watch?v=WpKywAzfPPs", Meizu MX5 Review
"https://www.youtube.com/watch?v=tzwnPm94m58", Apple iPhone 5 Review
"https://www.youtube.com/watch?v=X7jzVRpwEjI", Google Nexus 5X Review
"https://www.youtube.com/watch?v=sgQXhPMnmXQ", Samsung Galaxy Note 10.1 (2014 Edition) Review
"https://www.youtube.com/watch?v=v0Wf089Fzfw", Apple iPhone 6 Plus Review
"https://www.youtube.com/watch?v=DmFGdXNVnrQ", Huawei Ascend P6 Review
"https://www.youtube.com/watch?v=IQhdUwLXxXY", Nokia Lumia 520 Review
"https://www.youtube.com/watch?v=zW7Hb9KrBrU", Alcatel OneTouch Idol 3 Review
"https://www.youtube.com/watch?v=iDvByHPVTWw", Moto 360 (2015) Review
"https://www.youtube.com/watch?v=bCLrN8BgT1c", Meizu MX4 Review
"https://www.youtube.com/watch?v=kzungqA-AxQ", Coin Card Review
"https://www.youtube.com/watch?v=5Kw--JowX6s", Sony Xperia M Review
"https://www.youtube.com/watch?v=-zdv1xomU30", Nokia Lumia 635 Review
"https://www.youtube.com/watch?v=i6CwL2GOHeg", Samsung Galaxy S4 Review: one year later
"https://www.youtube.com/watch?v=t_lxn0ItOe8", Apple iPad mini 3 Review
"https://www.youtube.com/watch?v=LG6RomsND-E", ZTE ZMAX Review
"https://www.youtube.com/watch?v=LpZnGx67BtI", ZTE Axon Pro Review
"https://www.youtube.com/watch?v=-cGpuMttxGw", Samsung Galaxy Tab S 10.5 Review
"https://www.youtube.com/watch?v=QWFmQrGtW3g", Motorola Moto E (2015) Review
"https://www.youtube.com/watch?v=YTjOTmz2ySM", Samsung Galaxy Tab 3 7-inch Review
"https://www.youtube.com/watch?v=JuPUV-DtxzY", Alcatel Onetouch Idol 3 4.7-inch Review
"https://www.youtube.com/watch?v=nJ0HUsSiF3I", Asus Transformer Book T100 Review
"https://www.youtube.com/watch?v=yyFIx_smWB4", Sony Xperia E1 Review
"https://www.youtube.com/watch?v=8hVNfxjcMzY", HTC One (M8) Review
"https://www.youtube.com/watch?v=qr26giXnKf0", Amazon Fire HDX 8.9 Review
"https://www.youtube.com/watch?v=qPB92qmDxcA", Huawei Ascend P7 Review
"https://www.youtube.com/watch?v=u9tE42oThL8", Huawei TalkBand B2 Review
"https://www.youtube.com/watch?v=af9UkE-4BUE", HTC Desire 510 Review
"https://www.youtube.com/watch?v=TcJTia0CqWc", BlackBerry Q5 Review
"https://www.youtube.com/watch?v=sk3S2K9zVIY", Huawei MediaPad X2 Review
"https://www.youtube.com/watch?v=CJoKN28SFx8", Motorola Moto X (2014) Review
"https://www.youtube.com/watch?v=FrP0IifSiKg", BLU Vivo Air Review
"https://www.youtube.com/watch?v=DxcJevPVvQQ", Apple iPhone 4 Review
"https://www.youtube.com/watch?v=iDT0cd8zpwU", Sony Xperia T2 Ultra Review
"https://www.youtube.com/watch?v=LBEYhfOEI-0", Amazon Fire HD 7 Review
"https://www.youtube.com/watch?v=33CiJWE4S1o", Samsung Galaxy Tab S 8.4 Review
"https://www.youtube.com/watch?v=b2bjUNkIyoc", Google Nexus 6P Review
"https://www.youtube.com/watch?v=0WPxCInNpwc", Sony Xperia C Review
"https://www.youtube.com/watch?v=-9goVIjdeFo", Acer Liquid Jade S Review
"https://www.youtube.com/watch?v=p8Cv8aUCGkQ", LG G2 mini Review
"https://www.youtube.com/watch?v=CjpvbDjb1Qw", Fitbit Charge HR Review
"https://www.youtube.com/watch?v=53fp4X_Uzgg", Lenovo Yoga Tablet 2 10-inch (Android) Review
"https://www.youtube.com/watch?v=BLItTggcB2Q", Motorola Moto G Review
"https://www.youtube.com/watch?v=LKUeO9drOgQ", Samsung Galaxy S III mini Review
"https://www.youtube.com/watch?v=52fi9uk0PV4", Samsung Galaxy Grand Neo Review
"https://www.youtube.com/watch?v=-cPz4_4hy1o", Nokia XL Review
"https://www.youtube.com/watch?v=xNNjlGSp4Yg", TextNow Review
"https://www.youtube.com/watch?v=_Lv2tL3O9bw", Piper Review
"https://www.youtube.com/watch?v=Fbw14u1hnco", Fitbit Charge Review
"https://www.youtube.com/watch?v=NbWAdvxDcM0", Samsung Galaxy Tab 4 7.0 Review
"https://www.youtube.com/watch?v=4DHoz8McRzQ", Basis Peak Review
"https://www.youtube.com/watch?v=tgDhBouglr8", Amazon Fire HD 6 Review
"https://www.youtube.com/watch?v=aZGdvo2KRMI", Oppo R7 Review
"https://www.youtube.com/watch?v=KPzmf7kfqpI", Sony Xperia Z3 Tablet Compact Review
"https://www.youtube.com/watch?v=a_1Qkm0sZbk", Piper nv Review
"https://www.youtube.com/watch?v=e4iwTYLuI3M", Olloclip Active Lens Review
"https://www.youtube.com/watch?v=I3Ma50wQ_vU", Roku Streaming Stick Review
"https://www.youtube.com/watch?v=y3OwOYfmlhA", iOS 9 Review
"https://www.youtube.com/watch?v=OeOT-08SF1c", Nokia Lumia 1520 Review
"https://www.youtube.com/watch?v=CVNT8IeLfEo", Microsoft Foldable Keyboard Review
"https://www.youtube.com/watch?v=qbzW737DPok", Nokia Lumia 830 Review
"https://www.youtube.com/watch?v=d9MYQ-_gORM", Alcatel One Touch Idol X Review
"https://www.youtube.com/watch?v=v7xD3Oa5x1A", Kyocera Brigadier Review
"https://www.youtube.com/watch?v=Bo2apqKlhpo", Nokia X Review
"https://www.youtube.com/watch?v=qnmLIAgMWYA", Samsung Galaxy Trend Plus Review
"https://www.youtube.com/watch?v=rtsXvzff61c", Lenovo Yoga Tablet 2 10.1-inch (Windows) Review
"https://www.youtube.com/watch?v=JdJjOhGRMa8", Microsoft Band Review
"https://www.youtube.com/watch?v=PiiKLp-vCOY", Meizu MX4 Pro Review
"https://www.youtube.com/watch?v=x3jJoLlu8Jo", Moto Surround Review
"https://www.youtube.com/watch?v=mPaD_IWJuFU", Plantronics Voyager Edge UC Review
"https://www.youtube.com/watch?v=1CX0XKpLdK8", Fitbit Aria Review
"https://www.youtube.com/watch?v=QaTSow2WUz4", HTC One M9 Review
"https://www.youtube.com/watch?v=QMuiCmC6LXQ", Jabra Move Wireless Review
"https://www.youtube.com/watch?v=akqjYcgYNHQ", LG G3 Review
"https://www.youtube.com/watch?v=XviwfATSQ7s", Sony Xperia Z1 Review
"https://www.youtube.com/watch?v=BNFEzEs2XXs", Sony Xperia Z1 Compact Review
"https://www.youtube.com/watch?v=8f5pf-y21vo", Amazon Fire Phone Review
"https://www.youtube.com/watch?v=DZGi6coESYc", Plantronics BackBeat Sense Review
"https://www.youtube.com/watch?v=HceWdcYJ9t0", Samsung Gear Fit Review
"https://www.youtube.com/watch?v=e7m6zdV-PUo", LG G2 Review
"https://www.youtube.com/watch?v=276BYtoD_44", Nokia Lumia 920 Review
"https://www.youtube.com/watch?v=EjlC1Vwqcgw", Apple iPad Air Review
"https://www.youtube.com/watch?v=QyPMnHUrqiw", Sphero 2.0 Review
"https://www.youtube.com/watch?v=WtBgpnFod9I", Apple iPad Air 2 Review
"https://www.youtube.com/watch?v=R3AUiVhq7BI", Nokia N97 Review
"https://www.youtube.com/watch?v=V72UU57YU-Y", Sony Xperia SP Review
"https://www.youtube.com/watch?v=xnBECA0D5og", Mio Fuse Review
"https://www.youtube.com/watch?v=IvYtJPa85wE", Nokia Lumia 925 Review
"https://www.youtube.com/watch?v=lY4fRXlEDAA", ZTE Grand X Max+ Review
"https://www.youtube.com/watch?v=uQ1CnTNebrA", Sony Xperia Z3+ Review
"https://www.youtube.com/watch?v=x32AXgZ-4K0", HTC Desire 816 Review
"https://www.youtube.com/watch?v=NjXOcW48Xog", Asus ZenWatch Review
"https://www.youtube.com/watch?v=fgvjBAYnN30", Samsung Level U Review
"https://www.youtube.com/watch?v=b_E1uudHAqY", Nokia Lumia 928 Review
"https://www.youtube.com/watch?v=hS6a1zJMtGI", Sony Xperia Z2 Review
"https://www.youtube.com/watch?v=-1REOhKUn7E", Sony Xperia Z Review
"https://www.youtube.com/watch?v=A_s2vmClV2Y", The New iPad (3) Review
"https://www.youtube.com/watch?v=fmlKQR-KDzE", Kwikset Kevo Review
"https://www.youtube.com/watch?v=fnZzpecyCEM", HTC One mini 2 Review
"https://www.youtube.com/watch?v=zLOyVb1Bm9k", HTC One mini Review
"https://www.youtube.com/watch?v=C1zFuk_V4JQ", Sony Xperia L Review
"https://www.youtube.com/watch?v=4tIW_W6msMQ", Samsung Galaxy S4 Zoom Review
"https://www.youtube.com/watch?v=6fZFBtNmSvw", Samsung Galaxy Pocket Neo Review
"https://www.youtube.com/watch?v=tWFcZydMiC0", Samsung Galaxy S4 Active Review
"https://www.youtube.com/watch?v=BEazftPgTfY", Sony Xperia Z3v Review
"https://www.youtube.com/watch?v=6GnTvZrKbkQ", Jolla Smartphone Review
"https://www.youtube.com/watch?v=4VZ_mjqxQGE", Samsung Galaxy S5 Active Review
"https://www.youtube.com/watch?v=pv7aGXPKOic", Logitech UE BOOM Review
"https://www.youtube.com/watch?v=8n3zq3_hUiI", Huawei Ascend Mate7 Review
"https://www.youtube.com/watch?v=8VYin61EQx0", Samsung GALAXY S Review
"https://www.youtube.com/watch?v=LSegADk0jbQ", Samsung Galaxy Gear Review
"https://www.youtube.com/watch?v=Log98mFF4fg", HTC One max Review
"https://www.youtube.com/watch?v=Hq-dMADD7G0", SOL Republic Tracks Air Review
"https://www.youtube.com/watch?v=yETCIJO9ugg", Nokia Lumia 1020 Review
"https://www.youtube.com/watch?v=kA-8ya2mscQ", Samsung GALAXY Note Review
"https://www.youtube.com/watch?v=tVTarmk7tic", Moga Rebel Review
"https://www.youtube.com/watch?v=H60_Orustuo", Plantronics BackBeat Go 2 Review
"https://www.youtube.com/watch?v=XL9SzglPshg", Parrot Zik 2.0 Review
"https://www.youtube.com/watch?v=mudmyb0KfDA", Sony Xperia Z Ultra Review
"https://www.youtube.com/watch?v=Fh7yaYE-owg", RIM BlackBerry PlayBook Review
"https://www.youtube.com/watch?v=VfJCeuYVoYQ", HTC Windows Phone 8X Review
"https://www.youtube.com/watch?v=s9u62Komzfs", LG G Pad 8.3 Review
"https://www.youtube.com/watch?v=Sn67KEiDPLY", Nokia Lumia 620 Review
"https://www.youtube.com/watch?v=FjCFvQkjZ_k", Meizu Flyme 4.5 Android skin (UI) review
"https://www.youtube.com/watch?v=AcciG3OxuEo", Nokia Asha 503 Review
"https://www.youtube.com/watch?v=nsx_WqD_SVw", Sharp AQUOS Crystal Review
"https://www.youtube.com/watch?v=y1DW7EcA7HM", Sony Xperia U Review
"https://www.youtube.com/watch?v=y5oJxHGwI6c", Samsung Galaxy S4 mini Review
"https://www.youtube.com/watch?v=kaQM8vVjuE4", Nokia N9 Review
"https://www.youtube.com/watch?v=TwbipUscm8s", Plantronics BackBeat Pro Review
"https://www.youtube.com/watch?v=K-H8rPc_NtY", Samsung Galaxy S5 Review
"https://www.youtube.com/watch?v=8TjNBt_8wk8", Motorola DROID Mini Review
"https://www.youtube.com/watch?v=zfnBaHB3Q1w", HTC Desire 310 Review
"https://www.youtube.com/watch?v=GUk7NaHozGU", LG Tone+ Infinim Review
"https://www.youtube.com/watch?v=nxSrrP8spvs", Samsung Galaxy S6 Active Review
"https://www.youtube.com/watch?v=PutSdKTevdk", Nokia Lumia 625 Review
"https://www.youtube.com/watch?v=MKiZoW78hyE", Nokia Asha 501 Review
"https://www.youtube.com/watch?v=OLDuRqdelW4", Samsung Galaxy Ace Review
"https://www.youtube.com/watch?v=phhlI9i3JI4", Microsoft Surface Pro Review
"https://www.youtube.com/watch?v=TEGa8qSvNW8", Google Nexus 5 Review
"https://www.youtube.com/watch?v=5KLhF0vz_IA", HTC Re Camera Review
"https://www.youtube.com/watch?v=tmZcmeTuY6E", HTC Butterfly 2 Review
"https://www.youtube.com/watch?v=gJvvjwDID8U", Motorola DROID MAXX Review
"https://www.youtube.com/watch?v=AqsEiWHfvV8", Nokia Lumia 2520 Review
"https://www.youtube.com/watch?v=rLjbi5JrIsY", HTC One A9 Review
"https://www.youtube.com/watch?v=wD8E1dgVD50", BlackBerry Z10 Review
"https://www.youtube.com/watch?v=v8_OiGdZRTM", Motorola Moto E Review
"https://www.youtube.com/watch?v=baCxJc1bmG0", Microsoft Surface Pro 2 Review
"https://www.youtube.com/watch?v=g8TemYTYvXE", Nokia E7 Review
"https://www.youtube.com/watch?v=WDHeGw_JscU", Samsung Galaxy Fame Review
"https://www.youtube.com/watch?v=g4HLniX86fE", Sony Xperia S Review
"https://www.youtube.com/watch?v=xHnW7Dt1bcI", RIM BlackBerry Torch 9800 Review
"https://www.youtube.com/watch?v=dA7sLnrbX70", HTC One (M8) Dot View Case Review
"https://www.youtube.com/watch?v=GCFmES804P4", Samsung Galaxy S III Review
"https://www.youtube.com/watch?v=05rSXn96QrU", LG Optimus G Review
"https://www.youtube.com/watch?v=kMHVBqDwNqM", Asus PadFone X Review
"https://www.youtube.com/watch?v=msbE0LXpYKs", Nokia Lumia 800 Review
"https://www.youtube.com/watch?v=8832EP9DN4k", Sony SmartWatch 2 Review
"https://www.youtube.com/watch?v=wL-asBYhHX4", Sony Xperia J Review
"https://www.youtube.com/watch?v=snvrJcK4b34", Sony Ericsson Xperia PLAY Review
"https://www.youtube.com/watch?v=jp_REhzPPEo", Samsung Galaxy Note II Review
"https://www.youtube.com/watch?v=Vyr4ES2EmcY", LG G Pro 2 Review
"https://www.youtube.com/watch?v=v0oXqvNUB2w", Nokia 808 PureView Review
"https://www.youtube.com/watch?v=QMzeC3TzOrw", Motorola DROID Review
"https://www.youtube.com/watch?v=1nPLomzTYjQ", Moto Pulse Review
"https://www.youtube.com/watch?v=Qh3L63abwgo", Huawei TalkBand B1 Review
"https://www.youtube.com/watch?v=g7ciPO62BoQ", Sony Xperia SL Review
"https://www.youtube.com/watch?v=Fh3CHnmr6To", Motorola DROID RAZR Review
"https://www.youtube.com/watch?v=Ymlf0i7nPK0", Nokia Lumia 525 Review
"https://www.youtube.com/watch?v=1ywufeLhcnQ", Lenovo Yoga Tablet 2 Pro Review
"https://www.youtube.com/watch?v=3I53RaO_MKI", Alcatel OneTouch Idol X+ Review
"https://www.youtube.com/watch?v=OakBCSbK1mI", Lenovo Yoga Tablet 10 Review
"https://www.youtube.com/watch?v=iEoy8djNFXM", BlackBerry Q10 Review
"https://www.youtube.com/watch?v=XeKRfBw_67E", Nokia Lumia 820 Review
"https://www.youtube.com/watch?v=YhwKeStxyFc", Nokia Asha 210 Review
"https://www.youtube.com/watch?v=n44s1-VEbyE", Leo's Fortune Review
"https://www.youtube.com/watch?v=8j-XGWINSyo", OnePlus One Review
"https://www.youtube.com/watch?v=yB7ZiwGm87k", Sony Xperia miro Review
"https://www.youtube.com/watch?v=y4BkN5CizMw", Google Nexus 9 Review
"https://www.youtube.com/watch?v=5b4JRCynwvo", Nokia C7 Review
"https://www.youtube.com/watch?v=Wyf12vvdmfg", LifeTrak Zone C410 Review
"https://www.youtube.com/watch?v=PBZzF5Jp1wo", Samsung Galaxy Tab 2 (10.1) Review
"https://www.youtube.com/watch?v=mHem06HNz18", RIM BlackBerry Bold 9900 Review
"https://www.youtube.com/watch?v=K_Wq5ZtXXSw", Samsung Galaxy A8 Review
"https://www.youtube.com/watch?v=7QVmSdJYPNc", RIM BlackBerry Curve 9360 Review
"https://www.youtube.com/watch?v=C3kwa0uIogI", HTC Windows Phone 8S Review
"https://www.youtube.com/watch?v=MwibVhG5Sj4", Sony Xperia Z1S Review
"https://www.youtube.com/watch?v=CExtgyeTA7M", Phonejoy Review
"https://www.youtube.com/watch?v=g22LJsmJ2PM", Samsung Galaxy Alpha Review
"https://www.youtube.com/watch?v=O2cioPmqQSY", Sony Xperia T Review
"https://www.youtube.com/watch?v=DSvEAamkwhs", HTC One V Review
"https://www.youtube.com/watch?v=tn-1dkq_dvk", Samsung Galaxy S II Review
"https://www.youtube.com/watch?v=T5OONoTXfq8", HTC Desire 500 Review
"https://www.youtube.com/watch?v=vMfx8hooENE", Motorola Moto G (2014) Review
"https://www.youtube.com/watch?v=T7yOy3C3bEA", LG Optimus L7 Review
"https://www.youtube.com/watch?v=8ATmoye_3yc", Fitbit Zip Review
"https://www.youtube.com/watch?v=Sb1D7DqlVG8", LG G Watch Review
"https://www.youtube.com/watch?v=WX1wM7FGL4g", LG G3 Vigor Review
"https://www.youtube.com/watch?v=A4pgnuwVZZw", LG Optimus L9 Review
"https://www.youtube.com/watch?v=vdp7u0B6ruY", Martian Notifier Smartwatch Review
"https://www.youtube.com/watch?v=NMil8bbGhj8", Nokia Asha 311 Review
"https://www.youtube.com/watch?v=YT4fOrwsgLg", Microsoft Lumia 950 hands-on
"https://www.youtube.com/watch?v=S_XOfOLMaw0", Jaybird Bluebuds X Review
"https://www.youtube.com/watch?v=FuxN11gEQFE", Apple iPad 2 Review
"https://www.youtube.com/watch?v=ZIGm7Lw6i4o", Sony Ericsson arc S Review
"https://www.youtube.com/watch?v=XHYEQfFiRjQ", Samsung Galaxy Note 3 Review
"https://www.youtube.com/watch?v=F3LcT5U9hOs", Huawei Ascend Mate Review
"https://www.youtube.com/watch?v=wfOELuaTBgI", Sony Xperia ZR Review
"https://www.youtube.com/watch?v=XsWs5uLMv7M", Harman Kardon Onyx Studio Review
"https://www.youtube.com/watch?v=6EYUG71_3GI", HTC Wildfire S Review
"https://www.youtube.com/watch?v=gXyXPJQZEUU", BLU Life 8 XL Review
"https://www.youtube.com/watch?v=aGXI82N2g_8", Nokia Lumia 900 Review
"https://www.youtube.com/watch?v=03ih7ImJAmA", HTC Desire 601 Review
"https://www.youtube.com/watch?v=qKjUrX8iYzI", Samsung Galaxy Ace 3 Review
"https://www.youtube.com/watch?v=6Tr32led5us", HTC Desire C Review
"https://www.youtube.com/watch?v=lKA_-Gz0QyY", Samsung Galaxy Grand DUOS Review
"https://www.youtube.com/watch?v=ZXOxWjOPWh8", Sony Xperia Z2 Tablet Review
"https://www.youtube.com/watch?v=0hy_3095BZg", HTC One E8 Review
"https://www.youtube.com/watch?v=uzmvtILb8Pc", RIM BlackBerry Bold 9780 Review
"https://www.youtube.com/watch?v=MicT-zEWERA", Sony Xperia P Review
"https://www.youtube.com/watch?v=OnksZ7_Vwg0", HTC One M8 for Windows Review
"https://www.youtube.com/watch?v=wZBldruZzKM", Apple iPad mini Review
"https://www.youtube.com/watch?v=SKeLBqVIVOc", Samsung Gear 2 Review
"https://www.youtube.com/watch?v=1leaLX47d_E", LG Optimus F7 Review
"https://www.youtube.com/watch?v=9JuAimR4AOQ", LG Optimus G Pro Review
"https://www.youtube.com/watch?v=hSYRYCO5ytU", HTC One S Review
"https://www.youtube.com/watch?v=552kEXhQ6ms", JBL Synchros S400BT Review
"https://www.youtube.com/watch?v=Ib_FDYjx9Lk", Samsung Galaxy S6 edge+ hands-on
"https://www.youtube.com/watch?v=rLEMe_C8rB8", Lenovo ThinkPad 8 Review
"https://www.youtube.com/watch?v=vBmPKjLNWF0", Telegram secure instant messaging app review
"https://www.youtube.com/watch?v=XEpibJJpRAY", Apple iPhone 3G Review
"https://www.youtube.com/watch?v=rZznwBnqKlg", AT&T Z998 Review
"https://www.youtube.com/watch?v=w6Wp-I1Q-uI", Jabra Revo Wireless Review
"https://www.youtube.com/watch?v=LNkdA5Sn9cU", LG Optimus L7 II Dual Review
"https://www.youtube.com/watch?v=LUnQoXT1Dx8", Microsoft Lumia 950 XL hands-on
"https://www.youtube.com/watch?v=YUmOHSrty5Y", Plantronics Explorer 500 Review
"https://www.youtube.com/watch?v=crEEUgc3KbU", Nokia Lumia 720 Review
"https://www.youtube.com/watch?v=fB5yEQd08K4", Samsung Galaxy K Zoom Review
"https://www.youtube.com/watch?v=nSxV1le7GiM", Samsung Galaxy S II Plus Review
"https://www.youtube.com/watch?v=rkvc1iahVew", Nokia E6 Review
"https://www.youtube.com/watch?v=UVomy_hEjpM", Samsung GALAXY mini Review
"https://www.youtube.com/watch?v=t6-N-7xUJbE", HTC Butterfly S Review
"https://www.youtube.com/watch?v=m2GSTavCHCI", LG Optimus L5 Review
"https://www.youtube.com/watch?v=0LTLVEQlbUw", Huawei Ascend Mate 2 Review
"https://www.youtube.com/watch?v=BOUpAJw03QQ", Samsung Galaxy Y Review
"https://www.youtube.com/watch?v=xNThvhWCN-c", Sony Xperia tipo review
"https://www.youtube.com/watch?v=01KUqofiQ8k", Eye-Fi Mobi Review
"https://www.youtube.com/watch?v=llMibwkCSJ8", Apple Watch Review
"https://www.youtube.com/watch?v=C6u8XGTa5RQ", Motorola RAZR i Review
"https://www.youtube.com/watch?v=0RJBU4Amo8s", Apple iPad 4 Review
"https://www.youtube.com/watch?v=Ak91BV6wais", Samsung Gear Live Review
"https://www.youtube.com/watch?v=R9OalMx7gHw", Kingston MobileLite Wireless G2 Review
"https://www.youtube.com/watch?v=DZhZcV5DTM8", Nokia E72 Review
"https://www.youtube.com/watch?v=_zcX_636Tqs", RIM BlackBerry Bold 9790 Review
"https://www.youtube.com/watch?v=sMWT4VGWOgw", Samsung Galaxy Xcover 2 Review
"https://www.youtube.com/watch?v=LMoefawPJcE", Asus Padfone 2 Review
"https://www.youtube.com/watch?v=Hnrmk5LnF0g", RIM BlackBerry Bold 9930 Review
"https://www.youtube.com/watch?v=mW2h0mRhPZo", Samsung Galaxy Tab 3 10.1 Review
"https://www.youtube.com/watch?v=Ift_CLeeE3Y", Google Nexus Player Review
"https://www.youtube.com/watch?v=YQwXsgdFNrI", HTC EVO 3D Review
"https://www.youtube.com/watch?v=mHN2gK-s-Es", Lenovo Yoga Tablet 8 Review
"https://www.youtube.com/watch?v=mAvLndtf3nM", ZTE SPRO 2 Review
"https://www.youtube.com/watch?v=o6srALCaFR0", HTC ChaCha Review
"https://www.youtube.com/watch?v=qk3l3rDkEYM", Nokia N8 Review Part 1
"https://www.youtube.com/watch?v=3f-L1aBPxm8", Misfit Bolt Review
"https://www.youtube.com/watch?v=ahRfZT2vDu8", Sony SmartBand SWR10 Review
"https://www.youtube.com/watch?v=phgZKI3QB0A", Alcatel OneTouch Idol Alpha Review
"https://www.youtube.com/watch?v=P6VcU8qljpI", iOS 8 Review: focused on what matters
"https://www.youtube.com/watch?v=dfmqBd27Ymk", Microsoft KIN ONE and TWO Review
"https://www.youtube.com/watch?v=fHwdUKHJY3Y", RIM BlackBerry Torch 9810 Review
"https://www.youtube.com/watch?v=t85u9Zh0wnQ", Nokia Lumia 710 Review
"https://www.youtube.com/watch?v=V-sC2CPlQW0", Samsung Galaxy Ace Style Review
"https://www.youtube.com/watch?v=uXD-z-NPYTE", Braven 850 Bluetooth Speaker Review
"https://www.youtube.com/watch?v=zEtfJrbyWc8", Oppo Find 7 Review
"https://www.youtube.com/watch?v=YF2kct_rQQk", Samsung Galaxy Ace 2 Review
"https://www.youtube.com/watch?v=sz07JoUwbn8", HTC Desire HD Review
"https://www.youtube.com/watch?v=3omdvNzqTUc", Nokia Lumia 610 Review
"https://www.youtube.com/watch?v=yG4AVIWqE2M", LG Optimus L5 II Review
"https://www.youtube.com/watch?v=vTKW1rhw7fk", Jabra Motion Review
"https://www.youtube.com/watch?v=p9wF5cqFx2I", Nokia Asha 305 Review
"https://www.youtube.com/watch?v=8JW2JR4Yrak", Caustic 3 Review
"https://www.youtube.com/watch?v=PeXKZNK0AxQ", LG Optimus F6 Review
"https://www.youtube.com/watch?v=HJ-DcexIKl0", Plantronics Marque 2 Review
"https://www.youtube.com/watch?v=hSG0sj1Sy5w", Sony Ericsson Xperia ray Review
"https://www.youtube.com/watch?v=tq_tnuohjF8", LG Optimus F3 Review
"https://www.youtube.com/watch?v=o79wxV7H6To", Kodak PIXPRO SL25 Review
"https://www.youtube.com/watch?v=zn0f-qiWHkc", Huawei Ascend P2 Review
"https://www.youtube.com/watch?v=ZYrs7sLNvEY", Sony Xperia ion Review
"https://www.youtube.com/watch?v=99rM_cnJo8o", Sony Xperia go Review
"https://www.youtube.com/watch?v=TOJGob_5Myo", Asus PadFone X mini Review
"https://www.youtube.com/watch?v=G_-Vf3pFRKs", Samsung Galaxy S Duos Review
"https://www.youtube.com/watch?v=InTI64tYIZs", Alcatel OneTouch Hero 2 Review
"https://www.youtube.com/watch?v=xz7p7jL_huM", SanDisk Connect Wireless Media Drive Review
"https://www.youtube.com/watch?v=bqY4uT8WN8o", HTC Desire 300 Review
"https://www.youtube.com/watch?v=6obd0v25AvY", Nokia E5 Review
"https://www.youtube.com/watch?v=3AQq_adU-9o", Samsung Galaxy Tab 3 8-inch Review
"https://www.youtube.com/watch?v=cYCmOoT7AQM", Samsung Rugby III Review
"https://www.youtube.com/watch?v=FdsX75OvaQI", Amazon Kindle Fire HD Review
"https://www.youtube.com/watch?v=zI2595zP6fE", Nokia X7 Review
"https://www.youtube.com/watch?v=ZyN4Tnlnz3I", Sony Xperia sola Review
"https://www.youtube.com/watch?v=rNaIiLQPVNk", LG Optimus Black Review
"https://www.youtube.com/watch?v=48JnZABgCJ8", HTC Desire 700 Review
"https://www.youtube.com/watch?v=wjvvn043iFM", Samsung Level Over Review
"https://www.youtube.com/watch?v=ybd_ZezpBgU", HTC One SV Review
"https://www.youtube.com/watch?v=IiPsqhpgjQQ", Motorola DROID 4 Review
"https://www.youtube.com/watch?v=hs6cPt8x7Yo", Sony Xperia ZL Review
"https://www.youtube.com/watch?v=2NZ4tH1CgoQ", HTC Desire EYE Review
"https://www.youtube.com/watch?v=dQHBB_O-aBE", Nokia Asha 302 Review
"https://www.youtube.com/watch?v=HBBdSndVWpk", LG G Flex Review
"https://www.youtube.com/watch?v=419c21TA1NY", Sony Xperia E dual Review
"https://www.youtube.com/watch?v=-Or6P5UY5qo", Nokia 6700 classic Review
"https://www.youtube.com/watch?v=srN0HNpq3i0", Motrr Galileo Review
"https://www.youtube.com/watch?v=heAVm-J69NY", Samsung Galaxy Chat Review
"https://www.youtube.com/watch?v=WMFdQRLzWV8", Microsoft Surface 2 Review
"https://www.youtube.com/watch?v=HCyqrzcA3L4", Libratone Zipp Review
"https://www.youtube.com/watch?v=P-cYQ1ShUW0", LG Intuition Review
"https://www.youtube.com/watch?v=y-gLzGa7H8g", HTC First Review
"https://www.youtube.com/watch?v=-PmfgsGgobs", LG Optimus L9 II Review
"https://www.youtube.com/watch?v=-Sas4y34J4Y", Nokia C5-03 Review
"https://www.youtube.com/watch?v=uJp1iN56gdM", Asus MeMo Pad HD 7 Review
"https://www.youtube.com/watch?v=nVAs8b02cfU", Nokia 603 Review
"https://www.youtube.com/watch?v=b4DfPVOxWP0", Sonim XP Strike Review
"https://www.youtube.com/watch?v=KyKwc7RBCl0", Samsung Galaxy Note 10.1 Review
"https://www.youtube.com/watch?v=7ySrPw1ng68", iZON view Review
"https://www.youtube.com/watch?v=Pouz2RklIE8", Motorola DROID RAZR M Review
"https://www.youtube.com/watch?v=9ww2zmOXSfU", Huawei P8 Review
"https://www.youtube.com/watch?v=LDqTyBDKYPU", Samsung Galaxy S Advance Review
"https://www.youtube.com/watch?v=-Wr7_Lzz9P8", Alcatel One Touch Fierce Review
"https://www.youtube.com/watch?v=fyqaAZXLcz8", Nokia N96 Review
"https://www.youtube.com/watch?v=P9kJmdvjQK4", Amazon Kindle Fire HD 8.9 Review
"https://www.youtube.com/watch?v=R4FDtrSkaCM", Nokia 500 Review
"https://www.youtube.com/watch?v=Ol2tr9Eqx4o", Asus Transformer Book Trio Review
"https://www.youtube.com/watch?v=GTXnVI8nvqU", Samsung Galaxy Express 2 Review
"https://www.youtube.com/watch?v=LmuvhhsrU50", Alcatel One Touch Idol Review
"https://www.youtube.com/watch?v=cOrU6V6BSUY", HTC Sensation XE Review
"https://www.youtube.com/watch?v=ceaL7824S2E", Moga Pro Power Controller Review
"https://www.youtube.com/watch?v=vp3Otpdrf1Q", Google Nexus 7 Review
"https://www.youtube.com/watch?v=F-MjjDbDORY", HTC Radar Review
"https://www.youtube.com/watch?v=XfiTGdWT9hw", Asus VivoTab RT Review
"https://www.youtube.com/watch?v=ElWSawJDgd4", Nokia Lumia 822 Review
"https://www.youtube.com/watch?v=HKLOKYJoKsE", Fleksy Keyboard for Android Review
"https://www.youtube.com/watch?v=NY2UCG7Fh0c", Nokia C6 Review
"https://www.youtube.com/watch?v=zXsiyJjJOls", Nokia N95 Review
"https://www.youtube.com/watch?v=xRX8pe79PjM", Nokia Asha 303 Review
"https://www.youtube.com/watch?v=Lt-6tgIhNaU", Xiaomi Mi Note Pro Review
"https://www.youtube.com/watch?v=WowW_DjPtvY", Motorola ATRIX 2 Review
"https://www.youtube.com/watch?v=gEppxRm74uk", Moov Classic Review
"https://www.youtube.com/watch?v=5HnzewNGKPk", Nokia X6 Review
"https://www.youtube.com/watch?v=b7om8bnfNnk", Google Nexus S Review
"https://www.youtube.com/watch?v=7ZhzJDBiuM0", Samsung Galaxy Tab Review
"https://www.youtube.com/watch?v=I8UWiM-fGU8", Sony Tablet S Review
"https://www.youtube.com/watch?v=Ui2TCoqmTqc", Sony Ericsson W995 Review
"https://www.youtube.com/watch?v=6LIjfngnegs", Memrise app Review
"https://www.youtube.com/watch?v=qKmswVvoRJU", Gigabyte GSmart Guru Review
"https://www.youtube.com/watch?v=wuNmNlEhCZg", Sony Ericsson Xperia arc Review
"https://www.youtube.com/watch?v=310cZdIyJU0", Samsung Galaxy Grand Prime Review
"https://www.youtube.com/watch?v=577fmuSplUI", Motorola MILESTONE Review
"https://www.youtube.com/watch?v=DjCgOwKqF3I", Samsung Galaxy Gio Review
"https://www.youtube.com/watch?v=oqwqmmvJ8Ak", Sony Ericsson Xperia mini Review
"https://www.youtube.com/watch?v=tBu07VmFUKs", RIM BlackBerry Bold 9700 Review
"https://www.youtube.com/watch?v=5G3xZrhSWUY", HP Veer 4G Review
"https://www.youtube.com/watch?v=ng9n5fmD4Ug", LG Optimus 4X HD Review
"https://www.youtube.com/watch?v=ZyqBErNQIaQ", Huawei Ascend P1 Review
"https://www.youtube.com/watch?v=0fgv9Vu-m80", Motorola FLIPOUT Review
"https://www.youtube.com/watch?v=UiWzujokqS4", Sony Ericsson Xperia X8 Review
"https://www.youtube.com/watch?v=oDZQuEn2mMM", Nokia Lumia 510 Review
"https://www.youtube.com/watch?v=qlePdyxGtsM", Oppo Find 7a Review
"https://www.youtube.com/watch?v=l3kybV5vf_c", Alcatel OneTouch Hero Review
"https://www.youtube.com/watch?v=42qbbjZKJMQ", Samsung Galaxy Mega 5.8 Review
"https://www.youtube.com/watch?v=m1ViJB0qIR8", Asphalt 8: Airborne Review
"https://www.youtube.com/watch?v=m846CWEnXvk", HTC Desire X Review
"https://www.youtube.com/watch?v=MLCZw6qxuiY", Plantronics Voyager Legend UC Review
"https://www.youtube.com/watch?v=NxcnNtR5big", Motorola DROID RAZR MAXX HD Review
"https://www.youtube.com/watch?v=kqHYjJiNsUw", Samsung Wave 3 Review
"https://www.youtube.com/watch?v=o677RwddR4A", Acer Liquid E2 Review
"https://www.youtube.com/watch?v=FOoSxFNxwQQ", HTC Vivid Review
"https://www.youtube.com/watch?v=f1bowDevJBc", Sony Xperia acro S Review
"https://www.youtube.com/watch?v=Ol7He7Sfbv0", Nokia 700 Review
"https://www.youtube.com/watch?v=heHji2at0e8", Motorola MOTOACTV Review
"https://www.youtube.com/watch?v=Owx1Z-9jRrs", HTC DROID DNA Review
"https://www.youtube.com/watch?v=RwhxoxpDT3Y", HTC Desire S Review
"https://www.youtube.com/watch?v=NhZmnZ9RRrM", LG Optimus L1 II Dual Review
"https://www.youtube.com/watch?v=vihqdDm0XNw", Lenovo Yoga TAB 3 8-inch Review
"https://www.youtube.com/watch?v=ku0NZxLzSxw", Fluance Fi50 Review
"https://www.youtube.com/watch?v=ucJ6ULMFo9E", HTC EVO 4G Review
"https://www.youtube.com/watch?v=Mfn1vHnS4vw", Motorola DROID 3 Review
"https://www.youtube.com/watch?v=Z57Mh4md1p0", HTC HD7 Review
"https://www.youtube.com/watch?v=jKWeL_lQbyM", Sony Ericsson Live with Walkman Review
"https://www.youtube.com/watch?v=QOMYFdjhcTs", LG Optimus L3 II Review
"https://www.youtube.com/watch?v=JVLiFEDbozQ", Nokia C6-01 Review
"https://www.youtube.com/watch?v=SvllunUHR0I", Sony Ericsson Xperia neo Review
"https://www.youtube.com/watch?v=WYX2tuR2aOA", HTC Incredible S Review
"https://www.youtube.com/watch?v=tZKBOZVnlL8", OnePlus X Hands-on
"https://www.youtube.com/watch?v=WYsFmVwxKV4", Asus MeMO Pad Smart 10 Review
"https://www.youtube.com/watch?v=WSxMch8NG6g", HTC Hero Review
"https://www.youtube.com/watch?v=hQeJsi9Ano4", Nokia Lumia Icon Review
"https://www.youtube.com/watch?v=6YqlI6YrtWw", Sony Ericsson Xperia pro Review
"https://www.youtube.com/watch?v=-WVEwAo_cNk", Nokia C5 Review
"https://www.youtube.com/watch?v=7o2tHy1jmhQ", Nokia N73 Review
"https://www.youtube.com/watch?v=WFdUAE8tIeA", HTC Desire Review
"https://www.youtube.com/watch?v=FYKBxKwyezw", Samsung Galaxy Ace Plus Review
"https://www.youtube.com/watch?v=1qoWFHFoLeU", Jabra Speak 510 Review
"https://www.youtube.com/watch?v=b0-LWTp2SfQ", Samsung Star S5230 Review
"https://www.youtube.com/watch?v=LhP8R9Zji5w", Samsung GALAXY W Review
"https://www.youtube.com/watch?v=ghGVi1tDJ3U", Lenovo ThinkPad Tablet 2 Review
"https://www.youtube.com/watch?v=4WNOvfxRxa8", Samsung ATIV Smart PC Review
"https://www.youtube.com/watch?v=7KRyQNxGAVo", Samsung Galaxy S4 Review
"https://www.youtube.com/watch?v=oZGEUcDspIo", HTC Nexus One Review
"https://www.youtube.com/watch?v=APUufN_9ArU", Moga Pro Review
"https://www.youtube.com/watch?v=5IYcDtL0NKg", Barnes & Noble NOOK HD Review
"https://www.youtube.com/watch?v=jOYEaPO0yeg", Lenovo IdeaPad Yoga 11 Review
"https://www.youtube.com/watch?v=zgTAEYar3fY", Samsung Champ Review
"https://www.youtube.com/watch?v=60v6uk2JX6I", Samsung Galaxy Note5 unboxing
"https://www.youtube.com/watch?v=LsOZeQlrdbo", SanDisk Connect Wireless Flash Drive Review
"https://www.youtube.com/watch?v=n1w-AX7A6ac", Nokia E75 Review
"https://www.youtube.com/watch?v=wt8OT8jBe_Q", Sony Vaio Tap 11 Review
"https://www.youtube.com/watch?v=XO1V3FR-vYQ", Motorola DROID RAZR MAXX Review
"https://www.youtube.com/watch?v=wCBPpSNIz4Q", Barnes&Noble NOOK HD+ Review
"https://www.youtube.com/watch?v=8mlue1R-foo", Samsung ATIV S Review
"https://www.youtube.com/watch?v=nivlLGGLl8Y", Google Nexus 4 Review
"https://www.youtube.com/watch?v=BulWb7V4gbU", Casio G'zOne Commando 4G LTE Review
"https://www.youtube.com/watch?v=loilWWtHN5g", RIM BlackBerry Storm 2 9550 Review
"https://www.youtube.com/watch?v=YyLAsGl_Wqs", Alcatel One Touch Idol Ultra Review
"https://www.youtube.com/watch?v=eIjwDvXpxeQ", Casio G'zOne Commando Review
"https://www.youtube.com/watch?v=QclSAniv3Pw", Samsung Galaxy Pocket Review
"https://www.youtube.com/watch?v=ABbgP33-bGw", Samsung Corby II Review
"https://www.youtube.com/watch?v=Vyt1IjdDGu4", LG Optimus One (P500) Review
"https://www.youtube.com/watch?v=S1Blw0x0maM", iOS 7 Review
"https://www.youtube.com/watch?v=gwZfFwTlYQM", Samsung Galaxy S II Skyrocket Review
"https://www.youtube.com/watch?v=DLVoAyfTYkc", RIM BlackBerry Curve 3G for T-Mobile Review
"https://www.youtube.com/watch?v=ZlV0cbeIQ3s", Acer Liquid Z3 Review
"https://www.youtube.com/watch?v=Eie-WWdw2cc", Motorola DEFY+ Review
"https://www.youtube.com/watch?v=5RgSqVm_rjw", Nokia Nuron Review
"https://www.youtube.com/watch?v=y3g6C6wlH2A", Acer Iconia W511 Review
"https://www.youtube.com/watch?v=Kf_TAksDiug", Sony Ericsson Aino Review
"https://www.youtube.com/watch?v=QpkBebbNbq8", Microsoft Lumia 950: The first 48-hours
"https://www.youtube.com/watch?v=zxW6AjCXgmo", Samsung Galaxy Note5 vs Samsung Galaxy S6
"https://www.youtube.com/watch?v=kTOO078PhI4", Huawei P8 Lite hands-on
"https://www.youtube.com/watch?v=GzKfefEIL5A", Huawei P8 unboxing
"https://www.youtube.com/watch?v=5VnN_dka7gY", LG V10 vs Apple iPhone 6s Plus: first look
"https://www.youtube.com/watch?v=6I3Y_Ezjh5Q", Asus Zenfone 2 hands-on
"https://www.youtube.com/watch?v=FN2uNUvTe14", Samsung Galaxy S6 edge+ vs Apple iPhone 6 Plus
"https://www.youtube.com/watch?v=rdT9VfxiuRY", Sony Xperia Z5 vs Apple iPhone 6: first look
"https://www.youtube.com/watch?v=dZU2wccjJY4", Sony Xperia Z5 vs HTC One M9: first look
"https://www.youtube.com/watch?v=CfsnQuzgMUA", Sony Xperia Z2 is coming with active noise-cancellation technology for headphones